text,label,predicted_label,predicted_probability,prob_negative,prob_neutral,prob_positive
android marshmallow <number> . <number> . <number> won't let me log on the by existing account just keeps saying setting up bbm please fix,negative,negative,0.995310366153717,0.995310366153717,0.0034434092231094837,0.0012461986625567079
map animation stopped working,negative,negative,0.9898006319999695,0.9898006319999695,0.007556421682238579,0.0026429202407598495
"good, but slow workflow.",positive,positive,0.9833725094795227,0.0016917381435632706,0.014935716986656189,0.9833725094795227
nice app to use with friends,neutral,positive,0.9927923679351807,0.0005357968038879335,0.00667186826467514,0.9927923679351807
"i love this app, but i wish they had more outfit selections for maternity. other than that it's pretty awesome.",positive,positive,0.9931308627128601,0.00120725657325238,0.0056619164533913136,0.9931308627128601
radar in motion won't work.,negative,negative,0.9957089424133301,0.9957089424133301,0.0029357210732996464,0.0013552717864513397
only opened <number> st <number> th pages of <url>,negative,negative,0.9948904514312744,0.9948904514312744,0.0035193688236176968,0.001590169151313603
when i was being rained on it said no rain in your <url> it is still a good weather app.,neutral,neutral,0.9866821765899658,0.007200850639492273,0.9866821765899658,0.0061169941909611225
everthing is tought before its use,neutral,negative,0.993992269039154,0.993992269039154,0.004639737773686647,0.0013679441763088107
good content. worth downloading,neutral,positive,0.9688928127288818,0.0008624272304587066,0.03024476394057274,0.9688928127288818
"it's a great and fun app for emoji use, i like the customization. but there needs to be more clothing and style options. i feel like there needs to be styles with clothing and hair, such as punk, goth, rocker, traditional, futuristic, fairy, and many more. other than wanting more styles to choose from this app is great",positive,positive,0.9931592345237732,0.0010469778208062053,0.0057937693782150745,0.9931592345237732
"wow, this is a terrible app. no open dialog or page goto. i had expected better from an actual adobe app.",negative,negative,0.9952675104141235,0.9952675104141235,0.003468870185315609,0.0012636486208066344
i m fed of this <url> has posted it add every where,negative,neutral,0.9634155035018921,0.022637518122792244,0.9634155035018921,0.013947071507573128
it is very usefull browser,positive,positive,0.6886037588119507,0.004146082326769829,0.30725014209747314,0.6886037588119507
its a bit slow vs thinking office and also text anti aliasing is bad,neutral,neutral,0.9922868013381958,0.0025812722742557526,0.9922868013381958,0.005131916143000126
"it was great for me and the owner was very nice to us.,but the price change when i pay from <number> to <number>",neutral,positive,0.9936187267303467,0.0006479787989519536,0.00573335774242878,0.9936187267303467
provide some good <url> the only bad thing about this app is lack of good <url> hope you make it <url>,neutral,neutral,0.9615857601165771,0.0025771029759198427,0.9615857601165771,0.035837139934301376
problem with saving large photos plz fix ir,neutral,neutral,0.9896968603134155,0.0064407214522361755,0.9896968603134155,0.003862522542476654
its a good app but we dont have a night mode option for reading in which the background becomes black and text becomes white in color.,positive,neutral,0.9879261255264282,0.0013878406025469303,0.9879261255264282,0.010686041787266731
i hate the new version of bbm,negative,negative,0.995766282081604,0.995766282081604,0.0031106804963201284,0.0011230219388380647
is an interesting app to use.,positive,positive,0.9830774664878845,0.0008651803364045918,0.016057368367910385,0.9830774664878845
"used to be great. now lots of issues with network. i keep getting no network errors, as failed to update errors even when signal is great, or i'm connected to my wi-fi at home.",neutral,neutral,0.980269730091095,0.01500688772648573,0.980269730091095,0.004723324906080961
it always has me in virginia and i live in florida,neutral,positive,0.8413035869598389,0.03705039992928505,0.1216459646821022,0.8413035869598389
it is the very good ape to any one download,positive,positive,0.9895761013031006,0.0006662324303761125,0.009757619351148605,0.9895761013031006
not up to the mark,neutral,neutral,0.9783053994178772,0.01645541563630104,0.9783053994178772,0.005239203572273254
useless boring it's of no use now days just like mxit,negative,negative,0.9949342608451843,0.9949342608451843,0.004038862884044647,0.0010268668411299586
very easy to use,positive,positive,0.93344646692276,0.0065043275244534016,0.060049157589673996,0.93344646692276
worst upadate this update dont respond whenever i access my download section so hated it.,negative,negative,0.9957463145256042,0.9957463145256042,0.003109882352873683,0.0011438578367233276
i have lots of state that i watch. my home town will not show what it feels like. all the others do. i have tried a few different things and it won't work. don't understand but it is important to me to know how cold it feels out. i can go to hourly and it tells me but should not have to! i'm uninstalling!,neutral,neutral,0.9850468635559082,0.0061674173921346664,0.9850468635559082,0.008785800077021122
better and more accurate then most other weather apps.,positive,positive,0.9931417107582092,0.00046677523641847074,0.006391482427716255,0.9931417107582092
fun!!! just wish i could make one of my bf.,neutral,positive,0.9909512996673584,0.00044585810974240303,0.008602828718721867,0.9909512996673584
worthless does not open password protected pdf as stated,negative,negative,0.9940756559371948,0.9940756559371948,0.004376396536827087,0.0015478325076401234
shoddy ui and keeps logging me out,negative,neutral,0.8373824954032898,0.15670886635780334,0.8373824954032898,0.005908691789954901
"very accurate, which is important! how about a <number> x <number> widget?",positive,neutral,0.8549001216888428,0.0012160622281953692,0.8549001216888428,0.1438838392496109
i like the set up.,positive,positive,0.990845263004303,0.0004644068540073931,0.008690311573445797,0.990845263004303
"looks interesting at initial install, however the advertisement photos and the camera lay out are different to my install on a samsung galaxy note <number> . missing too many features compared to the full pc. version, particularly tagging and indexing. camera is not as good as the original camera being on the dark side. a nice app. however adds not enough to warrant keeping. perhaps in the future updates. most notably is missing the side by side photo comparison which was the main reason for installation.",neutral,neutral,0.9896454811096191,0.002525636227801442,0.9896454811096191,0.007828904315829277
nexus <number> and samsung s <number>,positive,neutral,0.7945459485054016,0.13404205441474915,0.7945459485054016,0.07141195237636566
"crashing. app crashes and freezes constantly. on htc one m <number> , and the app is completely broken.",negative,negative,0.9958555102348328,0.9958555102348328,0.0029679774306714535,0.001176479272544384
plz provide watermarking <url>,positive,positive,0.9778605699539185,0.0011441906681284308,0.020995259284973145,0.9778605699539185
u can download all movies in any language at movie <url> it okkk,neutral,neutral,0.9848685264587402,0.0020370716229081154,0.9848685264587402,0.013094369322061539
pls add more features for android like iphone features,neutral,positive,0.9796012043952942,0.0006374620134010911,0.01976136863231659,0.9796012043952942
nice app but when i taking picture with this app i have little problem here the range have limited only <number> - <number> meter even i set focus to infinity still can't get to it. i shoot with pro mode <url> you can fix that it will be <url>,neutral,positive,0.9847641587257385,0.00071441795444116,0.014521447941660881,0.9847641587257385
it's not a web browser. it's an ad browser,negative,negative,0.9777572751045227,0.9777572751045227,0.019667280837893486,0.002575431950390339
a lot of a bug here,negative,negative,0.9897018671035767,0.9897018671035767,0.008107376284897327,0.002190815284848213
shame forest starts again every day would be nice to build a huge forest like monthly or so,positive,neutral,0.985044538974762,0.008502955548465252,0.985044538974762,0.006452521774917841
"this app is so fun! my friends and family love exchanging silly bitmojis in our texts. the only reason why i gave it <number> stars is because i wish there was a way for your to organize the bitmojis, so you can quickly access certain ones instead of having to scroll through them or search. also, the outfits are pretty awful. they need a little more fashion. lol however, the art and creativity in the bitmojis are terrific!",positive,neutral,0.9747324585914612,0.005378821864724159,0.9747324585914612,0.019888760522007942
i love it but we need video support!,neutral,positive,0.5839613080024719,0.11614957451820374,0.29988914728164673,0.5839613080024719
the app is is good but,neutral,neutral,0.9371258616447449,0.001527229673229158,0.9371258616447449,0.06134693697094917
it is taking forever to load. never had this issue before. just started a few weeks ago,neutral,negative,0.9928701519966125,0.9928701519966125,0.00584641145542264,0.00128352886531502
map stopped animating over a week ago on my samsung galaxy s <number> . please fix. used to be the <signature>,negative,negative,0.9835332036018372,0.9835332036018372,0.014279370196163654,0.0021873735822737217
"it definitely helps me stay focused and off my phone. the one complaint i have is that when i have my phone on silent/vibrate, when i plant a tree my phone goes into standard/sounds on mode. i don't like that at all, i have it on silent for a reason.",positive,positive,0.9904648065567017,0.00037304742727428675,0.009162092581391335,0.9904648065567017
one   for doing this nasty ios port,negative,negative,0.9954267740249634,0.9954267740249634,0.0033798543736338615,0.0011933455243706703
unmounted my sd card,negative,negative,0.9949644804000854,0.9949644804000854,0.0035019107162952423,0.001533622620627284
why can i not delete saved locations? and ive read thtough it many times and dont see anyway at all to delte previously saved locations!!? im going to have to uninstall the app and then reinstall it to reset this location deleting issue u have!?!???,neutral,negative,0.9501957297325134,0.9501957297325134,0.047898076474666595,0.0019062613137066364
"lacks capability to browse for local file. no goto page option, <number> page documents impossible to read. no 'bookmark' to save <url> apps avail",negative,neutral,0.9820045828819275,0.014362460933625698,0.9820045828819275,0.0036329696886241436
bbm is easy to use and simple way for chating to my friends and <url> !,neutral,positive,0.9933370351791382,0.0006725341663695872,0.005990385543555021,0.9933370351791382
make it better please,positive,neutral,0.8141297101974487,0.0020459627266973257,0.8141297101974487,0.1838243007659912
"i liked the game as well as the concept. it would be better if it gave a sort of buzzer when time was up, and if you could add some personalization.",positive,positive,0.9933159947395325,0.0009508539224043489,0.005733196623623371,0.9933159947395325
"useful app nice app for opening documents, no adverts,easy to use and doesn't need a lot of experience",positive,positive,0.992957353591919,0.0007255577947944403,0.00631707301363349,0.992957353591919
easy to book and great choice and information.,positive,positive,0.9934925436973572,0.0009948809165507555,0.00551262404769659,0.9934925436973572
never trust earth networks again,negative,negative,0.9725971817970276,0.9725971817970276,0.019569026306271553,0.007833815179765224
what happened to the elite version i paid for?,negative,negative,0.9957297444343567,0.9957297444343567,0.0031009342055767775,0.0011692858533933759
lots of problems with the map,neutral,neutral,0.9849460124969482,0.011144094169139862,0.9849460124969482,0.0039099049754440784
simple and easy to use,positive,positive,0.711399495601654,0.03377745673060417,0.2548229992389679,0.711399495601654
"enjoyed the app until the <url> then the ticker quit <url> the pop up ads in the ticker are annoying. when you get all that shut off in settings, it works great!",positive,neutral,0.6549363136291504,0.0012682820670306683,0.6549363136291504,0.34379538893699646
radar does not work. will not stay on my home city.,negative,negative,0.9959706664085388,0.9959706664085388,0.0029110300820320845,0.001118319109082222
it would be nice if it was in different languages.,neutral,positive,0.9517039656639099,0.00039644722710363567,0.047899652272462845,0.9517039656639099
some tools can be available and improved without having to open an account or sign in each time like with drive but in general is pretty useful and have good features also please create the bin icon instead of the <number> dots and once you choose a file you can't delete only if you go back,positive,positive,0.9911762475967407,0.0005309121333993971,0.008292851969599724,0.9911762475967407
"i love it! however, i do a lot of work on my phone and so i would like an option to run the app while using my phone, without it killing a tree!",positive,neutral,0.613256573677063,0.05852602794766426,0.613256573677063,0.32821741700172424
good app easy to use. the lens correction function doesn't seem to work though. but maybe i am unaware of how it's supposed to work.,positive,neutral,0.9623433947563171,0.002386282430961728,0.9623433947563171,0.03527024760842323
there should be feature by which we can see who saw my message in a group and who doesn't. like we have in what's app,positive,positive,0.9740511178970337,0.0003989065589848906,0.025550013408064842,0.9740511178970337
"can we get this to, somehow, plant an actual tree? say, for a certain amount of trees grown succesfully a tree gets planted at some forest in need.",negative,negative,0.989055871963501,0.989055871963501,0.0092148557305336,0.0017293425044044852
contains alot of ads,positive,neutral,0.9716041684150696,0.010101975873112679,0.9716041684150696,0.01829388178884983
can't search area,negative,negative,0.9740325808525085,0.9740325808525085,0.022072620689868927,0.003894760739058256
good app for team communications,positive,positive,0.9932255148887634,0.0008078605169430375,0.00596661726012826,0.9932255148887634
stopped showing up in my status bar,neutral,neutral,0.9840913414955139,0.005205417983233929,0.9840913414955139,0.010703236795961857
use it for studying,positive,positive,0.9896929860115051,0.0005218064179643989,0.009785261005163193,0.9896929860115051
too much ads i dont want uc news stop showing me ads to download uc news,negative,negative,0.7154375314712524,0.7154375314712524,0.2677062153816223,0.016856227070093155
installed this app on my zt <number> tablet but wont work annoying!,negative,negative,0.9959675073623657,0.9959675073623657,0.003040289506316185,0.0009922146564349532
the tree does not die no matter which app i <url> i have tried every setting possible but it doesnot <url>,negative,negative,0.9795278310775757,0.9795278310775757,0.015512502752244473,0.004959597252309322
i love  this app,positive,negative,0.47170934081077576,0.47170934081077576,0.19218802452087402,0.33610260486602783
need to have female and males,neutral,neutral,0.9777985215187073,0.00225018709897995,0.9777985215187073,0.019951174035668373
add tick tick clock sound in it,positive,positive,0.9312052726745605,0.0007641410920768976,0.06803061068058014,0.9312052726745605
the radar won't work with samsung galaxy s <number> . so lame,negative,negative,0.9859858751296997,0.9859858751296997,0.011136540211737156,0.0028775592800229788
great app. and loads pdf docs faster than many other apps,positive,positive,0.9936969876289368,0.0009689053986221552,0.005334087647497654,0.9936969876289368
"fun app! wish i could draw some added details, but fun anyway.",positive,positive,0.9923996329307556,0.0004719193675555289,0.0071285199373960495,0.9923996329307556
pretty cool app to have.,positive,positive,0.9804190993309021,0.0006621957290917635,0.018918683752417564,0.9804190993309021
"clumsy auto-import, but great overall",positive,positive,0.9927928447723389,0.0010182542027905583,0.006188889034092426,0.9927928447723389
useless without raw support,negative,negative,0.9954106211662292,0.9954106211662292,0.0033232143614441156,0.001266076578758657
tried to use it for my team at work but they just wanted to use the whatsapp groups they currently do which is basically the same thing.,neutral,negative,0.9856509566307068,0.9856509566307068,0.012858167290687561,0.0014909014571458101
i think this a smart browser but opera mini fast then uc but good effort by devolpers,positive,positive,0.9892890453338623,0.000577868486288935,0.010133120231330395,0.9892890453338623
i am facing problem while using it needed to work on user interface its getting slow and hangs sometimes,neutral,neutral,0.9594217538833618,0.03592256084084511,0.9594217538833618,0.004655781667679548
"it's an ok app, compared to whatsapp and line messenger",neutral,neutral,0.986824095249176,0.001267768326215446,0.986824095249176,0.01190810464322567
"won't open any .pdf files on my tmo vibrant (bionix <number> . <number> ), useless.",negative,negative,0.9960989952087402,0.9960989952087402,0.002809339202940464,0.0010916519677266479
can you fix the quality of display picture,positive,neutral,0.9833934903144836,0.0012605874799191952,0.9833934903144836,0.015345927327871323
can't move app to sd card,neutral,neutral,0.9729089736938477,0.007331893313676119,0.9729089736938477,0.019759129732847214
good app but more facilities we exprcted,neutral,positive,0.8724229335784912,0.0018678446067497134,0.12570928037166595,0.8724229335784912
app works great. consider changing the red triangular notification to a solid red color in the notification bar in android. on my note <number> it appears as transparent in the notification bar at the top.,positive,positive,0.993530809879303,0.0005936692468822002,0.005875532515347004,0.993530809879303
plz update it it stick in the loading screen forever,negative,neutral,0.9644248485565186,0.025647245347499847,0.9644248485565186,0.009927811101078987
i like it but i wish there were more things and i wish we could customize shirts and stuff,positive,positive,0.9934515953063965,0.0010526750702410936,0.005495675839483738,0.9934515953063965
my messages aren't going through to anyone. please fix immediately.,neutral,neutral,0.9153951406478882,0.0037414992693811655,0.9153951406478882,0.08086328953504562
"i love it, but i'll select one to use and then it will show the new one sent, but a short time later, it will show that i resent an old one, not the one i just selected.",neutral,neutral,0.6474420428276062,0.04978727176785469,0.6474420428276062,0.3027706444263458
my radar has stopped working! i've never had a problem with it until today please fix!,negative,negative,0.9920728802680969,0.9920728802680969,0.005945358891040087,0.0019817380234599113
working properly for awhile and crashes later on,neutral,neutral,0.9813515543937683,0.013644623570144176,0.9813515543937683,0.005003794562071562
"a well-crafted, simple app",positive,positive,0.9871653318405151,0.0011464226990938187,0.011688308790326118,0.9871653318405151
it was okay at the start and got me focussed but my phone's screen timed out and locked and then my tree withered. please fix this,negative,neutral,0.9896665811538696,0.0016112485900521278,0.9896665811538696,0.008722152560949326
it's pretty useful!,positive,positive,0.9771395325660706,0.0005223827320151031,0.022338058799505234,0.9771395325660706
why can my friends get the bitmojis with two people but i can't? frustrated.,neutral,neutral,0.9907811284065247,0.002821487607434392,0.9907811284065247,0.0063973693177104
remove obscene quotes and gestures,negative,negative,0.9921877384185791,0.9921877384185791,0.006414670962840319,0.001397580374032259
pretty good. app wish it let you face scan yourself.,positive,positive,0.9928499460220337,0.000760082621127367,0.006390029098838568,0.9928499460220337
very good but crashes often,neutral,positive,0.9597812294960022,0.0032156428787857294,0.03700308874249458,0.9597812294960022
"lacking lens correction and blur features, otherwise i'd love it. please consider adding these, otherwise i'll have to use photo mate r <number> , cause while it doesn't have blur feature's it has great lens correction features so i can get my chromatic aberration effect : <number>",positive,neutral,0.8842794895172119,0.001751258154399693,0.8842794895172119,0.11396922171115875
the animation stopped working please fix!,negative,negative,0.996009349822998,0.996009349822998,0.0029720019083470106,0.0010186079889535904
goood one no one can see images unless u do hd,positive,neutral,0.9856184124946594,0.00915942806750536,0.9856184124946594,0.005222188774496317
the app lags and consume lots of space.,negative,neutral,0.986538290977478,0.009641345590353012,0.986538290977478,0.0038204353768378496
"great app, using for an <url> but, could it be upgraded with the feature 'desktop mode' ?",positive,positive,0.9938610792160034,0.0006878337590023875,0.005451076198369265,0.9938610792160034
it was good before,neutral,neutral,0.44977352023124695,0.41394177079200745,0.44977352023124695,0.1362847238779068
i like the old spark better it was more accurate cuz it told you exactly how many miles away the lightning was now you gotta zoom in on the map just to see in a round about ways of where the lightning <url>,neutral,positive,0.9924780130386353,0.0006568614626303315,0.006865059956908226,0.9924780130386353
"i really like it, but for a while now it hasn't been making my tree die when i touch my phone. also, after completing a set amount of time there's another number underneath my tree. i can't figure out what this means.",positive,positive,0.9867578148841858,0.0010060140630230308,0.012236179783940315,0.9867578148841858
annoying buttons below the chat text box.,neutral,neutral,0.988020122051239,0.0038134127389639616,0.988020122051239,0.008166481740772724
i like this app for esuy to watch movie,positive,positive,0.9774412512779236,0.003001165809109807,0.019557619467377663,0.9774412512779236
"aaa please tell me why it doesnt show my cherry blossom <url> i just unlocked it with <number> coins, and i cant find it to grow it. arghh its frustrating.",neutral,negative,0.995074450969696,0.995074450969696,0.003922415431588888,0.001003194134682417
needs to save where you last left off thats all it needs <number> stars when it updates,neutral,neutral,0.9799745678901672,0.0024605810176581144,0.9799745678901672,0.017564833164215088
the app draws the mobile addict in you and plays with his/her psyche.,positive,positive,0.993121325969696,0.0011356688337400556,0.005742937326431274,0.993121325969696
it is helpful for fast downloading,positive,positive,0.9894936084747314,0.00039352051680907607,0.010112917982041836,0.9894936084747314
hard to access emojis/sticker,positive,negative,0.9699380397796631,0.9699380397796631,0.028344418853521347,0.0017175107495859265
why this app has become so big? earlier it used to be only <number> mbs now its <number> . please reduce the size. <signature>,neutral,neutral,0.9823185205459595,0.01050969772040844,0.9823185205459595,0.007171743083745241
directions make no sense,negative,negative,0.9831926822662354,0.9831926822662354,0.015019996091723442,0.0017872171010822058
great app for photography but,neutral,positive,0.8563120365142822,0.01556325051933527,0.12812475860118866,0.8563120365142822
why can't they fix these issues,neutral,neutral,0.7826287746429443,0.19393417239189148,0.7826287746429443,0.02343701757490635
not working with whats app,negative,negative,0.990602970123291,0.990602970123291,0.007348485291004181,0.0020486488938331604
you have to put the search option in the app,positive,neutral,0.9590072631835938,0.0010363082401454449,0.9590072631835938,0.03995639085769653
"its very usefull, also good <url> !!!",positive,positive,0.9930476546287537,0.0005951601197011769,0.006357167847454548,0.9930476546287537
"its good. but the problem is whenever i charge my phone, and the forest app has been running, the moment the charging the moment the tree died. and i do not get a single coin. lol is not my fault that the tree died, but what i got-o coins and a dead tree.",neutral,neutral,0.9902868270874023,0.0028800112195312977,0.9902868270874023,0.006833210121840239
tel me what to do,positive,neutral,0.9477070569992065,0.04638184607028961,0.9477070569992065,0.0059111518785357475
some websites say i don't have adobe even though i have this loaded.,neutral,negative,0.8416225910186768,0.8416225910186768,0.14919643104076385,0.009181013330817223
it is easy to find your distination but there is always a less price,neutral,positive,0.9894382357597351,0.00040582549991086125,0.010155962780117989,0.9894382357597351
i havent many friends here,positive,negative,0.9730157256126404,0.9730157256126404,0.023988990113139153,0.00299530616030097
"would like updates on the sun over a <number> hour loop, as well as wind maps, water temps. but one of the <signature>",positive,positive,0.9915026426315308,0.0004884472000412643,0.008008970879018307,0.9915026426315308
where are the local adjustments?,positive,neutral,0.975862979888916,0.0012009483762085438,0.975862979888916,0.022936159744858742
very easy to <url>,neutral,positive,0.9324771165847778,0.005602344870567322,0.06192057952284813,0.9324771165847778
easy to use very good deal.,positive,positive,0.9914717078208923,0.0008230950334109366,0.007705184165388346,0.9914717078208923
this app doesnt want to sign me up,neutral,negative,0.9959008097648621,0.9959008097648621,0.002920243190601468,0.001178947975859046
always showing install even it has already installed,positive,negative,0.9518178701400757,0.9518178701400757,0.037216830998659134,0.010965274646878242
the zooming feature is slow and consequently difficult to use.,neutral,negative,0.8539072275161743,0.8539072275161743,0.14322979748249054,0.002862989902496338
great tool for on the go!,positive,positive,0.9933916330337524,0.000924816180486232,0.005683582276105881,0.9933916330337524
raw format not supported,neutral,neutral,0.9421241283416748,0.04345925152301788,0.9421241283416748,0.014416634105145931
"it's a cool thing to have, but it won't sync up with the mozilla addon",positive,neutral,0.9887821078300476,0.0014333303552120924,0.9887821078300476,0.009784532710909843
great app but keeps crashing,neutral,neutral,0.9525966644287109,0.03194204345345497,0.9525966644287109,0.015461328439414501
"bbm is good ,hate the adverts",positive,positive,0.9839350581169128,0.0006574916769750416,0.015407457947731018,0.9839350581169128
how about a tablet ui?,neutral,neutral,0.9913884997367859,0.002457705093547702,0.9913884997367859,0.006153745576739311
prefer the website more,neutral,neutral,0.9798845052719116,0.008463690057396889,0.9798845052719116,0.011651779524981976
"good design. hope the plant real trees is a true story! also, why the highest ranking people are mostly asian? should expand your customers",positive,positive,0.9898423552513123,0.0003444374306127429,0.009813228622078896,0.9898423552513123
"i am not disappointed, but pixlr is still a way better software.",neutral,neutral,0.9720624089241028,0.0031397189013659954,0.9720624089241028,0.024797840043902397
"i love playing with bitmojis. the clothes in the personalization could use some updating, though. very little are things i'd ever actually wear. it would also be nice to add friends directly on the app to interact with their own bitmojis outside of snapchat.",positive,positive,0.9928098917007446,0.001431611250154674,0.0057585593312978745,0.9928098917007446
i love it. i just wish i could delete images that i find offensive and would never use.,positive,neutral,0.6444971561431885,0.17329274117946625,0.6444971561431885,0.1822100430727005
i think in the new update they let you color customize any hair style and let you put cuts in your eyebrows.,positive,positive,0.9932367205619812,0.0011858504731208086,0.005577485077083111,0.9932367205619812
automatically resizes with no way to change!!,negative,negative,0.9959849119186401,0.9959849119186401,0.002933381823822856,0.0010817856527864933
don't like the new update,positive,neutral,0.9438981413841248,0.00640728697180748,0.9438981413841248,0.04969457909464836
i like my bbm now . <signature>,positive,positive,0.9755237698554993,0.0041902270168066025,0.02028603106737137,0.9755237698554993
no more trees since update. just shrubs :'(,positive,negative,0.6258059740066528,0.6258059740066528,0.35410138964653015,0.020092591643333435
would not updated on my phone and i tried like <number> times,negative,negative,0.9956062436103821,0.9956062436103821,0.0032531172037124634,0.0011405220720916986
"needs more body shapes and sizes, as well as face lines around nose/cheeks",positive,neutral,0.955117404460907,0.0011051874607801437,0.955117404460907,0.04377742111682892
took away floating head in txt,negative,negative,0.9959070682525635,0.9959070682525635,0.0028812221717089415,0.0012117187725380063
stopped working on my phone since the last update. will bring rating up when the problem is fixed.,negative,negative,0.9944196343421936,0.9944196343421936,0.0044800955802202225,0.0011001690290868282
works well. most of my pdf files require me to enter a username and password. this app will not allow me to. any chance of adding that?,neutral,neutral,0.9695894718170166,0.0017359692137688398,0.9695894718170166,0.02867460437119007
"it's <url> ,add select area <url> mean make selection by <url>",neutral,positive,0.9935075044631958,0.0007629009196534753,0.00572959566488862,0.9935075044631958
app doesn't always work. temp won't show in n status bar. doesn't keep track of moving locations,neutral,negative,0.9624171853065491,0.9624171853065491,0.03475750982761383,0.0028253323398530483
i hate this update,negative,negative,0.9959339499473572,0.9959339499473572,0.0029767449013888836,0.0010893134167417884
new updates are beyond worse,negative,negative,0.9775865077972412,0.9775865077972412,0.01702759601175785,0.005385878495872021
where is wbug elite i paid for???,negative,negative,0.995796799659729,0.995796799659729,0.003065610071644187,0.0011375353205949068
make the time lapse between editing each feature shorter,positive,neutral,0.9922424554824829,0.002295014914125204,0.9922424554824829,0.005462662782520056
add one more feature,positive,positive,0.9717528820037842,0.0005647420766763389,0.027682386338710785,0.9717528820037842
the app was useful but avg virus scanner said it contains malware so i'm uninstalling to be safe,negative,neutral,0.6146517395973206,0.3787742853164673,0.6146517395973206,0.006573875434696674
i couldn't open it.,negative,negative,0.9952985644340515,0.9952985644340515,0.003210224211215973,0.0014911561738699675
i think that uc is very nice,neutral,positive,0.9883323311805725,0.0006514032138511539,0.011016245931386948,0.9883323311805725
mis the original bbm,negative,negative,0.8756288290023804,0.8756288290023804,0.10219357162714005,0.02217765897512436
new ui tanks usability,negative,positive,0.689197838306427,0.0067447638139128685,0.30405738949775696,0.689197838306427
this app is so good,positive,neutral,0.9403834939002991,0.008524653501808643,0.9403834939002991,0.05109187215566635
doesn't work on my htc droid eris!! can't open pdf attached emails. uninstalling!!,negative,negative,0.9960353970527649,0.9960353970527649,0.0029868250712752342,0.0009777735685929656
it's very good app for android mobile s,positive,positive,0.9925174713134766,0.0006101318867877126,0.006872410420328379,0.9925174713134766
temp is all wrong,neutral,negative,0.9959865212440491,0.9959865212440491,0.002870120806619525,0.0011433723848313093
id's easy to use and very helpful,positive,positive,0.9830067753791809,0.0010703481966629624,0.015922902151942253,0.9830067753791809
"it seems everytime we're about to get severe weather, the app stops working. radar doesn't work, storm tracking doesn't <url> most critical time for something to work is during or before a storm, such as we're supposed to get today. this app works great on bright, sunny <url> 't depend on it if a storm is brewing though. it will quit working on you.",neutral,neutral,0.9388850331306458,0.05443013831973076,0.9388850331306458,0.006684838328510523
i guess its just the world i live in???,negative,neutral,0.9368358254432678,0.0038748327642679214,0.9368358254432678,0.05928933247923851
just an idea. when editing/creating my bitmoji i think it'd be neat to have the option to mix and match parts of different outfits together or even change colours of parts.,positive,positive,0.9921432733535767,0.000960359291639179,0.006896342616528273,0.9921432733535767
app is good. no weather forecast is <url> very vague predictions.,positive,neutral,0.9881938695907593,0.0016643169801682234,0.9881938695907593,0.010141788981854916
cannot attach pictures to reviews,neutral,neutral,0.9846808910369873,0.008981174789369106,0.9846808910369873,0.006337887607514858
great weather app! easy to use and quick to load. only wish it was easy to find a forecast video on it.,positive,positive,0.9914584755897522,0.0004313431272748858,0.008110180497169495,0.9914584755897522
issue on local wifi,neutral,neutral,0.9775522947311401,0.015496053732931614,0.9775522947311401,0.006951697636395693
i dont like this app,negative,neutral,0.5087026357650757,0.48090922832489014,0.5087026357650757,0.01038812194019556
on the right track,positive,neutral,0.9773543477058411,0.001926192780956626,0.9773543477058411,0.0207194983959198
best app for browsing,positive,positive,0.9933531284332275,0.0006273603066802025,0.00601948332041502,0.9933531284332275
needs a dark mode for the notification bar. hate the bright white glaring at me.,positive,negative,0.9840202331542969,0.9840202331542969,0.014708415605127811,0.0012713163159787655
"good app, but it doesn't support gif in android",positive,neutral,0.9856011271476746,0.0036901328712701797,0.9856011271476746,0.010708719491958618
<salutation> i tried to sign in and i gave my email and password and from u a email also came but what next to <url> tried to click check again and continue but nothing happened,positive,negative,0.9945887327194214,0.9945887327194214,0.004138576798141003,0.001272642402909696
been using for several months now as a communication tool for various members of a nonprofit organization. it's only downfall that i can see are the occasional missed update alert and that there is no notification badge on the icon.,positive,positive,0.9836063385009766,0.00043553311843425035,0.01595817692577839,0.9836063385009766
works for what i need,positive,positive,0.9906148910522461,0.0006162619101814926,0.008768873289227486,0.9906148910522461
it's saying it's not up to date so i can't view my file. -htc evo,neutral,neutral,0.9898309111595154,0.0043390062637627125,0.9898309111595154,0.005830152425915003
when you know how to use it it's pretty fun and useful same with adobe photoshop touch i have a ton of fun with that but you just have to know how to use it or it will not be fun that's why people are reading it for star i read it <number> stars i love it but only because i know how to use it,positive,positive,0.9852661490440369,0.0012001165887340903,0.013533701188862324,0.9852661490440369
best app ever ( my opinion),negative,positive,0.9582096338272095,0.00548478402197361,0.03630561754107475,0.9582096338272095
doesn't tie your account to gmail - so every new phone (or reflash) you have to retype <url>,negative,negative,0.7432634830474854,0.7432634830474854,0.2490011751651764,0.007735309191048145
great application for team collaboration,positive,positive,0.9934836030006409,0.000957996235229075,0.005558425560593605,0.9934836030006409
"crash easily,make my phone <url> its a great <url> u!",positive,positive,0.914142370223999,0.0018430395284667611,0.08401460945606232,0.914142370223999
the menu bar above keyboard is annoying,positive,neutral,0.9877824187278748,0.004950906615704298,0.9877824187278748,0.007266640197485685
it's an essential tool.,positive,positive,0.9893617033958435,0.0005557116819545627,0.010082551278173923,0.9893617033958435
this bbm doesnt work properly with the samsung notebook <number> . it is always showing limited bbm access. pls fix this,neutral,negative,0.9867004156112671,0.9867004156112671,0.012034377083182335,0.0012653120793402195
"unless i open the app, i get no notifications even when my name is mentioned",negative,neutral,0.8988966941833496,0.09439558535814285,0.8988966941833496,0.006707699969410896
it's good app but need more apps related chat process,positive,positive,0.8253939151763916,0.0005482963752001524,0.17405778169631958,0.8253939151763916
"doesn't open all pdfs. i do a lot of work dealing with architectural plans. this does not render all of the pdfs (some open fine, others open blank).",negative,negative,0.9920706152915955,0.9920706152915955,0.006660358048975468,0.0012690185103565454
quick way to book a motel when you need too,neutral,positive,0.9205576181411743,0.0009580461774021387,0.07848428189754486,0.9205576181411743
can get out of the app by home button and use your <url> timer runs in the <url>,neutral,neutral,0.5653961896896362,0.4247415065765381,0.5653961896896362,0.009862291626632214
"honestly a joke compared to the desktop version of lightroom. i have one of the most powerful phones in existence and this app can't even scroll without lagging. i reinstalled today, <number> months later to find not only has nothing changed but my trial has expired and i now need to pay to use a laggy gimped version of software i already own.",negative,negative,0.9429457187652588,0.9429457187652588,0.05327955633401871,0.0037748231552541256
better for <url> !!!! you will try <url> !!!!,neutral,negative,0.9888066053390503,0.9888066053390503,0.008942818269133568,0.002250639721751213
backup feature was awesome,positive,positive,0.8185501098632812,0.008152592927217484,0.17329733073711395,0.8185501098632812
amazing to use this one like superb,positive,positive,0.9920318126678467,0.0008483068086206913,0.007119909860193729,0.9920318126678467
i can't post on any website.,neutral,negative,0.9875537157058716,0.9875537157058716,0.009790687821805477,0.002655633492395282
want some other features,neutral,neutral,0.9820436239242554,0.0014544303994625807,0.9820436239242554,0.016501901671290398
this app is not user friendly,neutral,negative,0.9801343083381653,0.9801343083381653,0.01605798304080963,0.003807774046435952
force closes <number> / <number> !,negative,neutral,0.5918179154396057,0.34975817799568176,0.5918179154396057,0.05842389166355133
what a waste of this apps effort the image meta data are always show false info when export image to gallery,negative,negative,0.9955576062202454,0.9955576062202454,0.003492799587547779,0.0009496560669504106
it's a nic app n helpful <url>,positive,positive,0.9825448989868164,0.0003882915189024061,0.017066793516278267,0.9825448989868164
how to change time ??,neutral,neutral,0.9387269616127014,0.05304423347115517,0.9387269616127014,0.008228802122175694
it's ok but this new version is not so impressive,neutral,neutral,0.9892878532409668,0.0016002865741029382,0.9892878532409668,0.009111846797168255
this is a good movie downloader,positive,positive,0.8745978474617004,0.0021689741406589746,0.12323320657014847,0.8745978474617004
want my old avatar can't find it,negative,negative,0.8485209345817566,0.8485209345817566,0.14328333735466003,0.008195693604648113
best of pdf file app,positive,positive,0.9928469061851501,0.0012389784678816795,0.005914175882935524,0.9928469061851501
i would have gave <number> stars if y'all had more cute outfits for the girls to wear that is seasonal appropriate,positive,positive,0.9928049445152283,0.0009376672678627074,0.006257341708987951,0.9928049445152283
was ok but i can easily use other apps when i press home,negative,neutral,0.9911409020423889,0.0018214358715340495,0.9911409020423889,0.007037718314677477
"useless. can't log in using the app at all. deleted and reinstalled several times, still no luck.",negative,negative,0.9960481524467468,0.9960481524467468,0.0028701191768050194,0.001081694383174181
"easy to use, but if i plant a tree to grow and then leave the app it doesn't die. don't know if that's a bug in the app, but knowibg it won't die once i exit the app gives me no reason to stay focused",positive,neutral,0.9780945181846619,0.0038151342887431383,0.9780945181846619,0.01809038035571575
cuts down on paper usage.,positive,negative,0.9957206845283508,0.9957206845283508,0.0032728067599236965,0.0010066030081361532
<salutation> then dropped it. and now the radar animation doesn't work.,negative,negative,0.9956705570220947,0.9956705570220947,0.0029589550103992224,0.001370548619888723
"good idea, but too slow on android. much better on desktop.",negative,neutral,0.985877275466919,0.0019141652155667543,0.985877275466919,0.012208628468215466
"like everything about it, except that the radar animation is a little clunky.",positive,positive,0.8590880036354065,0.0009575536823831499,0.13995446264743805,0.8590880036354065
it's the king when it comes on downloading from internet i really appreciate it,positive,positive,0.9614927768707275,0.006757814437150955,0.031749427318573,0.9614927768707275
"i'm using uc browser from many years and its was amazing but from the last update i got, it get <url> everytime i open new site, it shows an error everytime. please fix this.",neutral,negative,0.6975822448730469,0.6975822448730469,0.28339385986328125,0.019023852422833443
cant install this app on my s <number> . error cant install in default location,negative,negative,0.9959904551506042,0.9959904551506042,0.0029423581436276436,0.0010672040516510606
needs to include precipitation estimates,neutral,neutral,0.9740362763404846,0.0012616877211257815,0.9740362763404846,0.024702051654458046
new version is a step back,negative,negative,0.7038111090660095,0.7038111090660095,0.20086634159088135,0.0953226089477539
great but watch little bug,neutral,positive,0.9880021810531616,0.001130486372858286,0.010867350734770298,0.9880021810531616
i love this app.,positive,negative,0.47944119572639465,0.47944119572639465,0.20355527102947235,0.3170035779476166
"love the idea, and as long as i didn't touch my phone notifications and such didn't ruin my progress. however if i try to exit out of the app (to use whitelisted apps like my calculator) then it 'killed' my trees.",neutral,neutral,0.8612414598464966,0.03842892870306969,0.8612414598464966,0.10032963007688522
"my mom found this before i did! i'm <number> and even i like it. lol great for all ages. you can make it look just like you to every detail, many clothes and accessory choices, and when you want to send a text to somebody they basically have everything you might want to say to somebody in a text or to reply back to somebody in a text message. plus cute little emojis of yourself doing things.",positive,positive,0.9930576086044312,0.0011666029458865523,0.005775722675025463,0.9930576086044312
ads ads ads everywhere,neutral,negative,0.9043424129486084,0.9043424129486084,0.08407604694366455,0.011581516824662685
has gotten a bit better since last review. i really like the lightning strike display. helps me with my lightning photos,neutral,positive,0.9938012957572937,0.0008424437255598605,0.005356267094612122,0.9938012957572937
i really enjoy it,positive,positive,0.7565509080886841,0.0510660856962204,0.19238296151161194,0.7565509080886841
i rely on accurate radar as i work outside everyday on a golf course. the daily and the hourly forecast constantly contradict each other though now and it's hard to figure out what the actual weather will be so i can only really rely on radar.,positive,neutral,0.9912125468254089,0.002766817342489958,0.9912125468254089,0.006020619533956051
"i enjoyed it, but the app deleted all of my purchases, such as trees and sounds",neutral,neutral,0.988770604133606,0.004214519634842873,0.988770604133606,0.00701494375243783
so far it's good,positive,positive,0.9816699028015137,0.0004540490044746548,0.017876017838716507,0.9816699028015137
would like some custom messages when trees are planted,positive,positive,0.9930195212364197,0.0005512096686288714,0.0064292303286492825,0.9930195212364197
used to be good,negative,negative,0.946083128452301,0.946083128452301,0.04706127196550369,0.006855521351099014
make category select bradcast message!,neutral,positive,0.9543286561965942,0.0012267407728359103,0.044444601982831955,0.9543286561965942
causes allot of problems will change dates etc when making a booking. prob better off staying with web page.,negative,neutral,0.9491604566574097,0.046252794563770294,0.9491604566574097,0.004586728289723396
reflow feature quirky. can't somehow help feeling suspicious it is bugridden inside.,negative,neutral,0.9901005625724792,0.0061051128432154655,0.9901005625724792,0.0037944132927805185
i don't <url> i can't understand this appp,neutral,negative,0.9905463457107544,0.9905463457107544,0.0067312829196453094,0.002722428645938635
crashes on galaxy s,negative,negative,0.9940420985221863,0.9940420985221863,0.004338860511779785,0.001619065529666841
force closes all the time. from a company with a good to great rep. i had expected better,negative,negative,0.9927724003791809,0.9927724003791809,0.006082816515117884,0.00114473479334265
great <url> ruined with ads,neutral,negative,0.9925228953361511,0.9925228953361511,0.005796223878860474,0.0016808075597509742
worst experience at hotel,negative,negative,0.9960150122642517,0.9960150122642517,0.002876376500353217,0.0011085656005889177
heating and battery problem,neutral,neutral,0.8326734304428101,0.15895187854766846,0.8326734304428101,0.008374708704650402
fed up with advertisements. oh my gosh. cannot tolerate this application anymore,negative,neutral,0.9480375647544861,0.04688636586070061,0.9480375647544861,0.005076066590845585
this is the fastest app searching mode,positive,positive,0.9921621680259705,0.0005585653125308454,0.0072792693972587585,0.9921621680259705
"nice app for managing ongoing projects, teams, groups.",positive,positive,0.9930754899978638,0.0010830857791006565,0.005841442383825779,0.9930754899978638
is not allways up to date with current weather.,positive,neutral,0.9914048910140991,0.0020056143403053284,0.9914048910140991,0.006589517928659916
realy superrrr <url> saver app,positive,neutral,0.9815402626991272,0.00983005203306675,0.9815402626991272,0.008629756048321724
<number> day trial? and then creative cloud?,negative,negative,0.9957785606384277,0.9957785606384277,0.002990617649629712,0.0012309147277846932
the print button keeps shutting itself down,positive,negative,0.9936601519584656,0.9936601519584656,0.004771772772073746,0.0015680799260735512
average performance in download,neutral,neutral,0.940305233001709,0.0015293527394533157,0.940305233001709,0.05816531553864479
animation on radar stopped,negative,negative,0.9953430891036987,0.9953430891036987,0.0032090176828205585,0.001447955146431923
"so far so good. surfing is made enjoyably interesting, thumb ups.",positive,positive,0.9938566088676453,0.0007340104784816504,0.00540936179459095,0.9938566088676453
bbm sucks on my galaxy s <number> mini .,negative,negative,0.9959579110145569,0.9959579110145569,0.0029631787911057472,0.0010788998333737254
what did i download?,negative,negative,0.9923478364944458,0.9923478364944458,0.006406296975910664,0.0012458936544135213
my favourite editing apl,positive,positive,0.9420685768127441,0.01133342832326889,0.046597957611083984,0.9420685768127441
so easy to use and appropriate advice,positive,positive,0.9937756061553955,0.0007408959208987653,0.005483509507030249,0.9937756061553955
doesn't work properly.,negative,negative,0.9945380091667175,0.9945380091667175,0.003998325672000647,0.0014636056730523705
"generally good, sometimes price filter doesn't work well.",positive,positive,0.9863830804824829,0.0005292353453114629,0.013087731786072254,0.9863830804824829
love this app pretty accurate,positive,positive,0.9675081372261047,0.010168801993131638,0.022323116660118103,0.9675081372261047
as much as <number> degrees off!,negative,neutral,0.5270870923995972,0.46602320671081543,0.5270870923995972,0.006889780517667532
used to be good,negative,negative,0.946083128452301,0.946083128452301,0.04706127196550369,0.006855521351099014
"this app helps me be productive, but since the update, i can't plant the trees i had previously bought.",positive,neutral,0.9905411601066589,0.0019200481474399567,0.9905411601066589,0.007538866717368364
dell streak:force close sometimes. blank pages sometimes. need bookmark feature and ability to continue from last read page.,neutral,negative,0.8947116732597351,0.8947116732597351,0.10194844752550125,0.003339841729030013
"if your in a hurry, i'd recomed calling, it takes a wile to fill out the information.",neutral,neutral,0.991758406162262,0.002482425421476364,0.991758406162262,0.00575918797403574
good but not good as web version,positive,neutral,0.9521352648735046,0.024609025567770004,0.9521352648735046,0.023255744948983192
problems working over wi-fi,negative,negative,0.8715115189552307,0.8715115189552307,0.12512977421283722,0.003358683316037059
it's ads all the way,negative,positive,0.8059955835342407,0.009519663639366627,0.18448472023010254,0.8059955835342407
no password support <url>,negative,negative,0.9921811819076538,0.9921811819076538,0.0061850701458752155,0.0016337641282007098
"good, but not perfect",neutral,neutral,0.8878110647201538,0.021612705662846565,0.8878110647201538,0.09057621657848358
i wish it would work offline,positive,neutral,0.5547055006027222,0.0025232371408492327,0.5547055006027222,0.4427712559700012
cloud based apps do not work for me. with pathetic network services in our region it becomes frustrating to use. pity. will have to uninstall,negative,negative,0.9957526922225952,0.9957526922225952,0.003274574875831604,0.0009727671276777983
"so disappointed with this app! why would you delete an entire account without any warnings? see i'm not mad that you deleted my account because i had iran's ip address, i'm mad because you didn't even bothered to give me a chance to take back up of my files! do you understand how unprofessional this is? so disappointed!",negative,negative,0.9958845973014832,0.9958845973014832,0.0029676335398107767,0.0011477984953671694
this app is good,positive,positive,0.9616990089416504,0.0013699799310415983,0.03693106025457382,0.9616990089416504
"slow, laggy performance. thinkfree office opens my pdfs and allows smooth transitions and zooming.",negative,neutral,0.9917570948600769,0.002779352478682995,0.9917570948600769,0.005463483743369579
since the update the radar doesn't work <url>,negative,negative,0.9945251941680908,0.9945251941680908,0.003991785459220409,0.001483033294789493
"like the app, but could you please remove the external storage permission when i want to take a picture? i don't like granting apps dangerous permissions and i know you don't need it if you use the file provider api. <signature>",negative,neutral,0.9511784315109253,0.0011608927743509412,0.9511784315109253,0.0476607009768486
there is no print option i can find.,neutral,neutral,0.5517980456352234,0.44299793243408203,0.5517980456352234,0.005204003304243088
<url> the picture size on bbm group is too small sometime not clear. also incoming bbm call is not detected or not showed in galaxy gear s <number>,positive,neutral,0.9605658650398254,0.007033583242446184,0.9605658650398254,0.03240060433745384
got stuck on trying to confirm my booking and i lost the accommodation. after that force crash. uninstall. htc desire,negative,negative,0.9959981441497803,0.9959981441497803,0.002971351845189929,0.001030530547723174
please fix the radar,negative,negative,0.995647132396698,0.995647132396698,0.0031344604212790728,0.0012183849466964602
"good adjustment, bad storage",neutral,neutral,0.9884442687034607,0.001820779754780233,0.9884442687034607,0.009735018014907837
coming from adobe this is absolute garbage. fails to open pdf files. it was only <number> kb. garbage.,negative,negative,0.9956886172294617,0.9956886172294617,0.003136900020763278,0.0011745489900931716
after i updated the new bbm version always getting <url> sometime the messages pending without ceklis my friend send in the morning but the messages coming after <number> or <number> hour <url> i saw on the messages the time when he send me a messages and this made my planning <url> should i didn't upgraded <url>,negative,neutral,0.9861672520637512,0.005486910697072744,0.9861672520637512,0.008345844224095345
new update ruined the app,negative,negative,0.9959138035774231,0.9959138035774231,0.0029574844520539045,0.001128662726841867
a widget would be nice,positive,neutral,0.991456925868988,0.004265486262738705,0.991456925868988,0.004277515225112438
there are ads now?,neutral,neutral,0.9629772901535034,0.014294800348579884,0.9629772901535034,0.022727878764271736
difficult when on vacation,positive,neutral,0.9884942173957825,0.002485073870047927,0.9884942173957825,0.009020754136145115
notifications are bonkers. (will give <number> once fixed),negative,neutral,0.9630835652351379,0.006507714744657278,0.9630835652351379,0.03040878288447857
can't add new locations,neutral,neutral,0.9889240860939026,0.003375813364982605,0.9889240860939026,0.007700077723711729
nice tool for inter-team communication,positive,positive,0.9934285283088684,0.0009347392478957772,0.005636728368699551,0.9934285283088684
it's download video very fast and all other thing,positive,positive,0.9915151596069336,0.0005524891894310713,0.007932351902127266,0.9915151596069336
"veru useful app only when used with its <number> rd-party integrations, yet flock is much better alternative for having more free features.",positive,positive,0.8248085379600525,0.000745990255381912,0.17444546520709991,0.8248085379600525
doesn't <url> i'll go on other apps and the tree still <url> little i inventive to actually stay off the phone,negative,negative,0.9651551246643066,0.9651551246643066,0.03184391185641289,0.003000998869538307
"when ever i update app,it won't work and i lost my all data many times",negative,negative,0.9957200884819031,0.9957200884819031,0.0031194216571748257,0.0011605237377807498
doesn't work much! where's the <number> version???,negative,negative,0.9926324486732483,0.9926324486732483,0.0059326570481061935,0.0014349069679155946
nice app fast downloading,positive,positive,0.989352285861969,0.0007307764608412981,0.009916907176375389,0.989352285861969
"the app is great, it's fun and helpful, tho when you click the home button, it doesn't die. you could fix that",positive,positive,0.9818921685218811,0.0005303660873323679,0.017577487975358963,0.9818921685218811
"easy to use, always <url> when you book thrue them, they will charge you too much.",neutral,positive,0.9841497540473938,0.0009734936174936593,0.01487672794610262,0.9841497540473938
there is no jump to page option so you have to flip through every single page! its a big waste of time.,negative,negative,0.9954374432563782,0.9954374432563782,0.0036390963941812515,0.0009234229801222682
great and easy to use,positive,positive,0.866523802280426,0.036589182913303375,0.0968869999051094,0.866523802280426
"cloud subscription, no <signature>",negative,negative,0.9950483441352844,0.9950483441352844,0.003807880450040102,0.001143730478361249
great app to focus!,positive,positive,0.9194567799568176,0.015297959558665752,0.06524529308080673,0.9194567799568176
pay when you arrive. err no,neutral,neutral,0.957467257976532,0.03548122197389603,0.957467257976532,0.007051508873701096
great apps for great team,positive,positive,0.9936354160308838,0.0008656559512019157,0.005498963873833418,0.9936354160308838
i like the appl because it connect me to a lot of people in my office,positive,positive,0.9936935305595398,0.000733882247004658,0.0055725788697600365,0.9936935305595398
can't open my bbm after updated,negative,negative,0.9858989715576172,0.9858989715576172,0.010679412633180618,0.0034215934574604034
cannot use for flash <url>,neutral,neutral,0.8782857060432434,0.11342671513557434,0.8782857060432434,0.008287507109344006
won't work with my text messages and have to start a new conversation to use it in messenger,neutral,negative,0.9924032688140869,0.9924032688140869,0.006154519040137529,0.0014422597596421838
it crashes every time,positive,negative,0.9955068826675415,0.9955068826675415,0.003334078472107649,0.001159004052169621
great app for group family communication across multiple types of devices and countries,positive,positive,0.9926832318305969,0.0011461952235549688,0.0061706434935331345,0.9926832318305969
it was great radar sucks now,negative,negative,0.9958174824714661,0.9958174824714661,0.003128159325569868,0.001054387423209846
missing a tablet version,neutral,neutral,0.9221222400665283,0.06857361644506454,0.9221222400665283,0.009304134175181389
the browser is used very fast connecting browser,positive,positive,0.9890411496162415,0.001141976797953248,0.009816841222345829,0.9890411496162415
i want a etc wallet that's all i want to invest <url>,negative,positive,0.7925037145614624,0.001469989656470716,0.20602630078792572,0.7925037145614624
not so much but good,positive,neutral,0.9846159815788269,0.001785877626389265,0.9846159815788269,0.013598160818219185
well the app is kinda <url>,positive,neutral,0.9632489085197449,0.022228997200727463,0.9632489085197449,0.01452211569994688
the program is very slow and can be unresponsive. there is no bookmake setting. pages take a very long time to load even when zooming in and out.,negative,neutral,0.6474640965461731,0.34639185667037964,0.6474640965461731,0.0061440723948180676
totally invasive and inappropriate for development. it kept people talking for every detail for hours. kill innovation and efficiency. cannot replace skype so another chat cheater. a waist of time in communication. one good point if you can make your competitors to use it. they will collapse.,negative,negative,0.995894193649292,0.995894193649292,0.003040742827579379,0.0010650907643139362
i love it. but i think it would be better to add angle correction as well is needed sometimes and i don't like having to use other apps to do this.,neutral,positive,0.9702479839324951,0.003915371373295784,0.025836613029241562,0.9702479839324951
the emoticon not <url> :'(,neutral,positive,0.9827205538749695,0.0009448269847780466,0.016334624961018562,0.9827205538749695
good app. had full version but they took it away. would like it back. radar not working. layers are not working. must be a weather bug.,neutral,neutral,0.5334191918373108,0.4500398635864258,0.5334191918373108,0.016540929675102234
can't import my booking? what's the point of getting this app? anyone?,negative,negative,0.9945811629295349,0.9945811629295349,0.004398818593472242,0.0010200125398114324
"the app sometimes gets stuck on a certain temperature and you have to actually click on the app to get the correct temperature to pop up, but at least with this app i can actually get the <number> -day and hourly forecast pages to load which is something i can't get with accuweather. so i guess what i'm saying is it's probably the <signature>",positive,neutral,0.9709921479225159,0.0011028124717995524,0.9709921479225159,0.027905084192752838
"great, but occasionally crashes",positive,positive,0.9241464138031006,0.014960008673369884,0.06089361757040024,0.9241464138031006
"crap, takes ages to loads and lags on all docs, standard pdf viewer much better",negative,negative,0.9957524538040161,0.9957524538040161,0.003228135174140334,0.0010193702764809132
it stops working frequently,neutral,negative,0.9657381176948547,0.9657381176948547,0.029115958139300346,0.005145948380231857
like it more than most weather apps i've tried. would recommend!,positive,positive,0.9880154728889465,0.0003839108976535499,0.011600588448345661,0.9880154728889465
stupid trees. too much green. too cute. memory hog. deleted it.,negative,negative,0.995897650718689,0.995897650718689,0.002928173402324319,0.0011742288479581475
plz add readout loud feature in application,positive,positive,0.9925099611282349,0.0006886131595820189,0.006801452487707138,0.9925099611282349
"give error, stuck onopening",negative,negative,0.9955015778541565,0.9955015778541565,0.003373133484274149,0.0011252944823354483
the radar map only shows past not current,neutral,neutral,0.9269675016403198,0.06187177449464798,0.9269675016403198,0.011160740628838539
"the worst, the most bugged app that i've ever seen in my life! always crashing for no reason!",negative,negative,0.9956634640693665,0.9956634640693665,0.003169143106788397,0.0011674363631755114
this does not work with my phone i exited the app for ages and my tree still grew.,negative,negative,0.9960209727287292,0.9960209727287292,0.002990456996485591,0.0009885478066280484
the application is too slow. sometimes it just wont select the options.,neutral,neutral,0.9903743267059326,0.0037667735014110804,0.9903743267059326,0.0058589656837284565
useless doesn't open email attachments on lg optimus,negative,negative,0.9956557750701904,0.9956557750701904,0.0030804055277258158,0.0012638643383979797
its a very good app,positive,positive,0.9604616761207581,0.0011357639450579882,0.0384025052189827,0.9604616761207581
good up to date service,neutral,positive,0.9613281488418579,0.0006858697743155062,0.03798593580722809,0.9613281488418579
luv it but u should allow us <number> make more than one character then i'll give u <number>  's,neutral,neutral,0.95485919713974,0.0013621236430481076,0.95485919713974,0.043778710067272186
"app does what it has to do, but would it be possible to implement a harder way to cancel the growth of your tree? now it takes about <number> seconds. you could make another cancel button which you have to press for <number> minute without releasing it to unlock your phone. gives you time to think if you really need to unlock it. <signature>",neutral,neutral,0.9897706508636475,0.0015192461432889104,0.9897706508636475,0.0087101049721241
need full raw hdr for lg v <number> !!!,neutral,neutral,0.9714030027389526,0.0017887779977172613,0.9714030027389526,0.026808196678757668
it wont even let me log in!!!,negative,negative,0.9960588216781616,0.9960588216781616,0.0028383242897689342,0.0011028209701180458
wouldn't search any locations.,negative,negative,0.984693169593811,0.984693169593811,0.01354165468364954,0.0017652807291597128
new version is not intuitive.,negative,neutral,0.6250307559967041,0.15524624288082123,0.6250307559967041,0.21972298622131348
image previews don't work,positive,neutral,0.5129070281982422,0.4777458906173706,0.5129070281982422,0.009347070939838886
"its great, just too many ads",positive,positive,0.9141621589660645,0.0020431424491107464,0.08379470556974411,0.9141621589660645
radar has stopped working,negative,negative,0.9916895627975464,0.9916895627975464,0.006033820100128651,0.0022764788009226322
has been treating me well for years,positive,positive,0.9615849256515503,0.0025858499575406313,0.03582923486828804,0.9615849256515503
animated radar not working,negative,negative,0.9950963854789734,0.9950963854789734,0.003380242735147476,0.0015233890153467655
problems with internet connection s <number> edge,neutral,neutral,0.934392511844635,0.05927172303199768,0.934392511844635,0.006335736718028784
"another login and account needed, mediocre editing",negative,neutral,0.8912037014961243,0.10304784774780273,0.8912037014961243,0.005748464725911617
i need a tab for news language i don't want it to be default for the place i live in my native language may be different. please look into it,positive,neutral,0.9739335179328918,0.0012638726038858294,0.9739335179328918,0.024802571162581444
"idea is nice, <url>",neutral,positive,0.9110878109931946,0.0017456820933148265,0.08716652542352676,0.9110878109931946
useless and hang in itself,negative,negative,0.995959460735321,0.995959460735321,0.002935911063104868,0.001104632974602282
lagging on nvidia shield tablet,neutral,neutral,0.9920367002487183,0.003577902913093567,0.9920367002487183,0.004385362844914198
less taps &gt; more taps is not always true! this update clutters up the mobile app and looks horrible! bring back the drop down menu.,positive,negative,0.9955105781555176,0.9955105781555176,0.003485055174678564,0.0010043287184089422
great mobile app for a great platform,positive,positive,0.9933794736862183,0.0008898694650270045,0.0057306657545268536,0.9933794736862183
easiest way to keep all my accommodation details with me when i travel.,positive,positive,0.9896650910377502,0.000490030215587467,0.009844889864325523,0.9896650910377502
"there is no way to search or jump to the pages i want. so, in a <number> page document, i have to page down until i get to where i want. very poor!",neutral,negative,0.9958531856536865,0.9958531856536865,0.0031929505057632923,0.0009538628510199487
crashes on z <number> compact,neutral,neutral,0.6215278506278992,0.0202163178473711,0.6215278506278992,0.3582558035850525
"can't delete any of the pdf files! someone ,help mytouch <number> g",neutral,neutral,0.8682876825332642,0.12517383694648743,0.8682876825332642,0.006538539659231901
somethings wrong with this app,positive,negative,0.9954051971435547,0.9954051971435547,0.003627689788118005,0.0009671098669059575
well organized app. offers better deals than the hotel itself.,positive,positive,0.9928392171859741,0.0006714769406244159,0.006489222403615713,0.9928392171859741
faster than other app,positive,positive,0.9839683771133423,0.0005032200715504587,0.015528432093560696,0.9839683771133423
"decent, but needs ability to define custom notification sound. the built-in ones are too quiet and the 'device default' is too general.",positive,neutral,0.9644022583961487,0.0008865855052135885,0.9644022583961487,0.03471110388636589
"if you have difficulties staying focussed, then this is definitely the app for you. as trivial as it sounds, there's a real sense of satisfaction in seeing your forest grow the more time you log. the only thing i would say which could be added is social email support or facebook integration, which i believe is already a feature on the ios version. some of my friends are using it too, and seeing their forests grow (perhaps even on some kind of map next to mine?) would add an element of healthy competition!",positive,neutral,0.9853091835975647,0.001327076810412109,0.9853091835975647,0.013363746926188469
would be better with out ads,positive,neutral,0.937952995300293,0.001887715421617031,0.937952995300293,0.060159292072057724
<number> star 'coz why we have to request hd quality picture first? oh <url> nobody need bad quality picture. washing <url> another chat app more better !!,neutral,negative,0.9736949801445007,0.9736949801445007,0.024734433740377426,0.0015705589903518558
"my screen goes off, but when i unlock my phone, my tree dies. makes the app pointless as it forces me to keep the screen on which is distracting. great concept though.",neutral,neutral,0.9910016655921936,0.003774605691432953,0.9910016655921936,0.005223780404776335
it will be better if the apps allow users to listen music while studying or doing their things,positive,positive,0.9900075197219849,0.0005703720380552113,0.00942204613238573,0.9900075197219849
the app is free on android but why can't i use my new unlocked tree?!,negative,neutral,0.9912706613540649,0.002632364397868514,0.9912706613540649,0.006097063887864351
"not ideal, but better than a few other ""freeware"" options there with lots of adds or crappy ui.",positive,neutral,0.9886576533317566,0.0022746974136680365,0.9886576533317566,0.009067751467227936
add break or pause option plz,positive,positive,0.9910967350006104,0.0004149841843172908,0.008488285355269909,0.9910967350006104
good effort <url> try to send correct notification of the news or story.,positive,positive,0.9905458688735962,0.0003502969047985971,0.009103870019316673,0.9905458688735962
doesn't work keeps saying bad internet connection but all other apps work.,negative,negative,0.9921534657478333,0.9921534657478333,0.006537143141031265,0.0013093752786517143
did not install this app. all i did was update my phone and it was there and i can delete it! very annoying!!!,negative,negative,0.9958578944206238,0.9958578944206238,0.0031196987256407738,0.0010223641293123364
last updates causing problems.,neutral,negative,0.9664058685302734,0.9664058685302734,0.031427912414073944,0.0021662095095962286
"stupid app many many ads ,don't download this app",negative,negative,0.996009111404419,0.996009111404419,0.002835803432390094,0.001154996920377016
too much buz for nothing so special.,negative,positive,0.8271375894546509,0.002781395334750414,0.1700809746980667,0.8271375894546509
simple but effective app to end smartphone addiction,positive,positive,0.9718981981277466,0.0015811710618436337,0.02652057819068432,0.9718981981277466
technology at its <signature>,positive,positive,0.9587674140930176,0.006506024394184351,0.03472656384110451,0.9587674140930176
"editing is all about precision, of which this isn't good at. trying to crop is like throwing stones at a picture frame on a wall and hoping it sticks. when you get it you accidently press another button and all the work is <url> still needs some refining",neutral,neutral,0.9918892979621887,0.002161580603569746,0.9918892979621887,0.005949079524725676
used to love <url>,neutral,negative,0.9563539624214172,0.9563539624214172,0.037460554391145706,0.006185552570968866
bbm is really gud,positive,positive,0.8205801844596863,0.024136656895279884,0.1552831530570984,0.8205801844596863
still a good app,neutral,positive,0.5765146017074585,0.001963586313650012,0.4215218424797058,0.5765146017074585
"looks nice but the live radar always zooms in to close, i like to see the entire area around my location.",positive,positive,0.9926648736000061,0.0005570633802562952,0.006777987349778414,0.9926648736000061
creeping permissions. no <signature>,negative,negative,0.9937564134597778,0.9937564134597778,0.004912067204713821,0.0013315269025042653
don't expect to be productive on the tube,negative,negative,0.9516652226448059,0.9516652226448059,0.0436004102230072,0.004734378308057785
huge apo. does not have move to sd card. standard reader v. good. uninstalling.,negative,negative,0.9959083795547485,0.9959083795547485,0.002967837732285261,0.0011238234583288431
too many push and price not clear,neutral,negative,0.520948052406311,0.520948052406311,0.4492711126804352,0.029780840501189232
great app but updated the app but the bug is still there where the animation plays without accessing the app so you have to tap screen to gain access to home screen. that bug has been there forever please fix!,neutral,positive,0.9694932103157043,0.0011808829149231315,0.02932584285736084,0.9694932103157043
like it but need better notification settings,positive,neutral,0.9039300084114075,0.000987495412118733,0.9039300084114075,0.09508245438337326
being a motorcycling enthusiast i like to know where the rain is and what direction it's heading.,positive,positive,0.9907094240188599,0.0008056325605139136,0.008484992198646069,0.9907094240188599
radar no longer works,negative,negative,0.9958348274230957,0.9958348274230957,0.003001849865540862,0.0011632326059043407
why i cannot play my download video?,neutral,negative,0.9761579036712646,0.9761579036712646,0.021769965067505836,0.002072159433737397
as an alternative in contacting people,positive,positive,0.9921038150787354,0.0005223900079727173,0.0073737469501793385,0.9921038150787354
crashes all the time tells you there is no memory even on sd card. won't let you use if you decline push notifications,negative,negative,0.9940083026885986,0.9940083026885986,0.004839667119085789,0.0011519507970660925
what's the point?,negative,negative,0.9958153367042542,0.9958153367042542,0.003022301709279418,0.0011624391190707684
"i used to really love this browser but now it's just annoying .when i download files sometimes it tells me ""file doesn't exist"" and i have to redownload ,plus it lags .",negative,neutral,0.9922116994857788,0.0029099404346197844,0.9922116994857788,0.004878373816609383
its good but i think it should add like fortnite emojis or other characters,positive,positive,0.9776042699813843,0.0004191253683529794,0.021976660937070847,0.9776042699813843
its good but now a days it slow,neutral,neutral,0.7490862607955933,0.0011142309522256255,0.7490862607955933,0.24979951977729797
"the emojis you can make out of it are great! however, it would be nice to implement the character doing different kinds of sports. also the app didn't have my face shape, hairstyle, and the mouth was too big for me. basically i had to go with what i could find that looked the most like me, and a bunch of people still thought that the bitmoji looked nothing like me. something else i'd like to add is that maybe for the female character, put some outfits that are t-shirts and moderate shorts, not just short shorts. i couldn't find my usual attire because of that. overall, my bitmoji only looks a bit like me so if you guys can change the face, costumes, and facial features to let more people have an accurate character, it'd be great. <signature>",positive,positive,0.9920560717582703,0.0013968046987429261,0.006547142285853624,0.9920560717582703
throw this app to garbage,negative,negative,0.9955745935440063,0.9955745935440063,0.0032375759910792112,0.001187933492474258
very nice and helpful <url> luving <url>,positive,positive,0.9904853701591492,0.000827768468298018,0.008686799556016922,0.9904853701591492
it will be better if there will be option to archive a chat,positive,positive,0.6641330718994141,0.0008069452014751732,0.3350600004196167,0.6641330718994141
requesting to build a bigger forest!,positive,negative,0.9852620959281921,0.9852620959281921,0.013096502982079983,0.001641389331780374
stop the stupid ads,negative,negative,0.9945746064186096,0.9945746064186096,0.003977351356297731,0.001448107068426907
spark lightening no longer working,neutral,negative,0.9930043816566467,0.9930043816566467,0.005476011894643307,0.0015195904998108745
"slowly slowly you are making it worst app but it's your app you can do anything after all you are communist. see i don't like your inbuilt pdf viewer,video viewer app so allow user to use apps like adobe pdf reader and mx <url> and the new problem is the facebook video is not working <url> earlier i have given <number> star rating but now you are decreasing quality <url>",negative,negative,0.990818440914154,0.990818440914154,0.0078021991066634655,0.0013793872203677893
doesn't export my photos most of the time,neutral,neutral,0.9843628406524658,0.011277553625404835,0.9843628406524658,0.004359655547887087
still need to improve,positive,neutral,0.9412046670913696,0.0017236865824088454,0.9412046670913696,0.05707158148288727
no philippine peso currency?,neutral,negative,0.8499872088432312,0.8499872088432312,0.1449262648820877,0.005086497403681278
"i downloaded this app specifically to merge photos together on my backpacking adventures whilst eliminating the need for a laptop. sadly, it does not have the function to merge photos for panoramic or hdr.",neutral,neutral,0.9629877805709839,0.032035890966653824,0.9629877805709839,0.004976356867700815
"pretty effective but i just noticed it doesn't pick up the usage of one of my most distracting apps (bacon reader for reddit). i was on it and thought oh no my tree! opened up to find it wasn't triggered. double checked my white list etc, everything was proper. if it doesn't block that it becomes pretty useless in my eyes",positive,neutral,0.9875717163085938,0.0057828729040920734,0.9875717163085938,0.006645346991717815
"awesome app. it would be sooo useful to have one button access to the lastest posts accross all channels and all workgroups, i find im spending much time digging around for the latest posts.",positive,positive,0.9918522238731384,0.0004767778154928237,0.007671049330383539,0.9918522238731384
its good and so easy to use,positive,positive,0.9453462958335876,0.0016419965540990233,0.05301175266504288,0.9453462958335876
this isn't as good as it's siblings,negative,neutral,0.8519591689109802,0.13033053278923035,0.8519591689109802,0.017710238695144653
app is good service,neutral,positive,0.9814161062240601,0.0007779659936204553,0.017805933952331543,0.9814161062240601
app thinks i am a man :'),negative,neutral,0.9475323557853699,0.009952693246304989,0.9475323557853699,0.042514968663454056
will not work correctly. i tryed to set the map in motion and it will not move!,negative,negative,0.9959657192230225,0.9959657192230225,0.002962095895782113,0.0010721127036958933
super cute but kind of difficult to use on the spot.,positive,neutral,0.9879462122917175,0.0029282905161380768,0.9879462122917175,0.009125426411628723
"nice, but couldn't find night mode.",positive,neutral,0.9407967925071716,0.01633276976644993,0.9407967925071716,0.042870428413152695
"insanely unreliable - wont let me accept invites to other workspaces nor will this application even show me the invite - login inconsistency, i can auto-login with the app but when i type my password in non-app login screens it wont work. its the same password i use for other applications and i successfully login each time.",negative,negative,0.994330644607544,0.994330644607544,0.00467428145930171,0.0009950913954526186
cant search without creating an account! they need your email so the can sell it to spammers! unistall!,negative,negative,0.9959942102432251,0.9959942102432251,0.003024290781468153,0.0009814404183998704
only good not <signature>,neutral,negative,0.7149437069892883,0.7149437069892883,0.24165360629558563,0.04340273141860962
it is a waste app and waste of time. it is only useful for downloading the movies,positive,negative,0.9959807395935059,0.9959807395935059,0.0029732247348874807,0.0010459645418450236
it's fast and i can always use it to download,positive,positive,0.9725428223609924,0.0005057032103650272,0.026951413601636887,0.9725428223609924
have to use and see,neutral,positive,0.9444422721862793,0.002818194916471839,0.05273957923054695,0.9444422721862793
good but some issues,positive,positive,0.5792688131332397,0.0020845942199230194,0.41864657402038574,0.5792688131332397
plz see sex movies it's nice in this,neutral,positive,0.883937656879425,0.0006250243750400841,0.11543729156255722,0.883937656879425
wont open. it always crashes and my phone reports it having multiple errors in <number> week,negative,negative,0.9957940578460693,0.9957940578460693,0.003152855671942234,0.0010530230356380343
fcs on a <number> page pdf. really?! even on my stock evo that's awesome? this reminds me of flash player on my laptop- always causing problems. adobe = crap,negative,negative,0.9925985336303711,0.9925985336303711,0.005701899994164705,0.0016995533369481564
"the worst app ever can't download a single <url> my downloads have been ""unsuccessful""",negative,negative,0.995995283126831,0.995995283126831,0.002840799978002906,0.0011639284202829003
needs text search and in-document link support.,neutral,neutral,0.9901927709579468,0.0025546355172991753,0.9901927709579468,0.0072525679133832455
it's a great app. love it and good job,neutral,positive,0.988864541053772,0.002238066168501973,0.008897370658814907,0.988864541053772
"sometimes wonky when on wifi, but that could be internet connection issue. also wants to have high accuracy location on which will drain your phone quickly.",neutral,neutral,0.9910591244697571,0.0021734873298555613,0.9910591244697571,0.006767400540411472
why am i now seeing ads? lame!,negative,negative,0.9814968109130859,0.9814968109130859,0.017185315489768982,0.0013178398367017508
you had one job,positive,negative,0.9577233791351318,0.9577233791351318,0.03742191940546036,0.004854695405811071
"it would be nice if there was an option to record voice messages.    nuisance: when i press 'backwards' in my android, i am thrown out of the app, instead of going backwards to the messages list.    nuisance: i don't see a list of last messaged people in chronological order but randomly. this drives me <url>",neutral,neutral,0.983709454536438,0.0012311164755374193,0.983709454536438,0.015059410594403744
not replacement for the desktop app,neutral,negative,0.8240018486976624,0.8240018486976624,0.1694398820400238,0.006558340974152088
great app to communicate with family and friends.,positive,positive,0.9935486912727356,0.000981618999503553,0.00546969985589385,0.9935486912727356
best chat application ever,neutral,positive,0.9935370087623596,0.0007868673419579864,0.005676050204783678,0.9935370087623596
good app bt needs new features,neutral,neutral,0.9702653884887695,0.0012163269566372037,0.9702653884887695,0.02851826138794422
it requires access permission n i dont know from where to turn on so can u plz tell m!!,neutral,neutral,0.9437462091445923,0.05207006260752678,0.9437462091445923,0.004183820448815823
uffff!!!! plzz don't downloaded this,negative,negative,0.9955778121948242,0.9955778121948242,0.0031517096795141697,0.0012704466935247183
good <url> lacks some essential features,positive,neutral,0.9894387125968933,0.001843355013988912,0.9894387125968933,0.008717902936041355
"the app is ok but the camera should no have any sound when you take photos, that problem is quite annoying",neutral,neutral,0.9904881715774536,0.0017945353174582124,0.9904881715774536,0.0077172331511974335
installation corrupts gmail db on n <number> android <number> . <number>,negative,negative,0.8479363322257996,0.8479363322257996,0.14396362006664276,0.008100009523332119
i think it's a great start app!,positive,positive,0.9837800860404968,0.0007733609527349472,0.015446539036929607,0.9837800860404968
radar has been freezing and not moving for last month. deleted it after all this time. pos!!!,negative,negative,0.9958584904670715,0.9958584904670715,0.0030316258780658245,0.0011098288232460618
ok till it goes wrong,neutral,neutral,0.9895036220550537,0.00256657088175416,0.9895036220550537,0.00792981032282114
i rely on weatherbug every day.,positive,neutral,0.9903828501701355,0.0022142454981803894,0.9903828501701355,0.0074028936214745045
"love this app, especially the lightening strike tracker.",positive,positive,0.9919387698173523,0.001796080614440143,0.006265097297728062,0.9919387698173523
there's still more to it.,positive,positive,0.9586443901062012,0.0005635180859826505,0.04079205170273781,0.9586443901062012
very basic and subscription based,negative,negative,0.9860439300537109,0.9860439300537109,0.011319083161652088,0.0026369725819677114
no words great app,positive,negative,0.9836832880973816,0.9836832880973816,0.014350810088217258,0.001965929754078388
"im not use as well, i think it is bad application, i dont like.",negative,negative,0.9947611689567566,0.9947611689567566,0.004263271111994982,0.0009755564969964325
keeps saying photos not found whwn trying to send/ attach to people. using a note <number> <url> its not <url> it <url> pwrfect for what application i needed it for. will try again when i get new phone in a couple weeks.,negative,negative,0.9896133542060852,0.9896133542060852,0.00902768224477768,0.0013588793808594346
helpful for book reading,positive,positive,0.9929592609405518,0.00047905108658596873,0.00656172027811408,0.9929592609405518
sometimes slow but yet efficient.,positive,neutral,0.9808279871940613,0.0022365455515682697,0.9808279871940613,0.01693544164299965
for some reason the keyboard doesn't work on my phone. and i can't do couple's bitmojis with my wife. but it's fun to use with her anyhow,positive,positive,0.8057496547698975,0.0007665333687327802,0.19348379969596863,0.8057496547698975
make anoying bc different ring with chat ring,neutral,positive,0.9820084571838379,0.0011834042379632592,0.016808155924081802,0.9820084571838379
"please make the browser application sync-able with android phones. i was able to sync a few days ago, but now it only syncs with an ios account.",positive,neutral,0.9925500154495239,0.002822857117280364,0.9925500154495239,0.004627082031220198
great app. would have been a <number> if avatar could be edited,neutral,positive,0.983908474445343,0.0003809940244536847,0.015710528939962387,0.983908474445343
poor cousin to the desktop app,neutral,negative,0.9837304353713989,0.9837304353713989,0.014427611604332924,0.0018419799162074924
i get notification for update but i can't update my bbm. please fix it.,neutral,neutral,0.9837262034416199,0.002706498373299837,0.9837262034416199,0.013567408546805382
it wont let me download its saying it is but not getting it,negative,negative,0.9956018924713135,0.9956018924713135,0.0032671699300408363,0.0011309660039842129
force closed zenfone <number>,negative,negative,0.9935294985771179,0.9935294985771179,0.004310129210352898,0.0021604225039482117
cloud service only idea bites,negative,neutral,0.5228266716003418,0.11133594065904617,0.5228266716003418,0.36583736538887024
i can't sign <url> :'(,neutral,negative,0.792076051235199,0.792076051235199,0.18905521929264069,0.018868688493967056
horrible for one reason,negative,negative,0.9958835244178772,0.9958835244178772,0.0029376293532550335,0.0011788737028837204
<salutation> opening unwanted liks,negative,negative,0.9956682920455933,0.9956682920455933,0.0031595334876328707,0.0011721969349309802
won't let me end chat,negative,negative,0.9881135821342468,0.9881135821342468,0.009372595697641373,0.002513810060918331
"nice, but flow could be better.",positive,positive,0.9882189035415649,0.0006957753212191164,0.01108529232442379,0.9882189035415649
it just froze up a few days <url> doesn't work at all when i click on it,negative,negative,0.9946945309638977,0.9946945309638977,0.004049754235893488,0.0012557272566482425
the news which displays on the welcome page is very annoying and vulgar have to be very careful when giving it to the children's at home to surf the internet and we had to use other browser in front of others as your front page containt all the vulgarity in news most of the people don't know how to disable news. the option should be visible on the front screen itself,negative,neutral,0.8144819140434265,0.1754128634929657,0.8144819140434265,0.010105233639478683
seems impossible to make a review,neutral,neutral,0.9390183687210083,0.05646440014243126,0.9390183687210083,0.004517198074609041
reflow doesn't let you move from what's on the screen. no option to go to specific pages directly (really? scroll through a <number> + page book everytime?),neutral,negative,0.9656590819358826,0.9656590819358826,0.03257064148783684,0.0017702187178656459
low score due to the lack of a dark theme/night mode in <number> !,neutral,neutral,0.7866854071617126,0.208028182387352,0.7866854071617126,0.005286441184580326
"no floating head, why",negative,negative,0.9839943647384644,0.9839943647384644,0.012996318750083447,0.0030093644745647907
bad on sms blocking,neutral,negative,0.9939331412315369,0.9939331412315369,0.0047841439954936504,0.0012827273458242416
hated the new update,negative,negative,0.9960518479347229,0.9960518479347229,0.0028790931683033705,0.0010691044153645635
i find it a bit odd that the app doesn't automatically open a file. i have to go to the app and open the file from there.,positive,neutral,0.9921169877052307,0.0026269895024597645,0.9921169877052307,0.00525600416585803
the weather people are always wrong they suck,negative,negative,0.951509416103363,0.951509416103363,0.045472972095012665,0.003017562674358487
"no ""go to page"" feature? really?",neutral,negative,0.9945104122161865,0.9945104122161865,0.004310624673962593,0.0011788896517828107
caused ipad safari to stop working,negative,negative,0.9925447106361389,0.9925447106361389,0.005443984176963568,0.0020113333594053984
it's a good app to communicate with team instantly,positive,positive,0.9930155277252197,0.000494280131533742,0.006490158382803202,0.9930155277252197
garbage. worthless app. i hope someone comes up with one better and more organized for people use. makes no sense. cant navigate. not worth the headache.,negative,negative,0.9957018494606018,0.9957018494606018,0.0031278051901608706,0.0011703831842169166
good but seems to be a battery drainer on lollipop,neutral,positive,0.9713954925537109,0.0003554539871402085,0.028249109163880348,0.9713954925537109
like the funny <url>,positive,positive,0.9740520119667053,0.0007368284277617931,0.025211136788129807,0.9740520119667053
"useless app, doesn't work as described",negative,negative,0.9958264231681824,0.9958264231681824,0.002935979049652815,0.0012375260703265667
pdf viewer works much smoother and loads faster,negative,positive,0.9665541052818298,0.0009369775652885437,0.03250889107584953,0.9665541052818298
awesome app with awful ux,neutral,negative,0.9433618187904358,0.9433618187904358,0.04779740050435066,0.008840871974825859
<salutation> why most of the time. when i finish downloading video and going to play it. it says failed to open its not like this before using old version.,negative,negative,0.9873937368392944,0.9873937368392944,0.01064870972186327,0.0019575837068259716
couldn't get edited photos out of lightroom!,negative,negative,0.9931738972663879,0.9931738972663879,0.005787620786577463,0.0010384927736595273
the update sucks!!! i lost all the trees i previously unlocked.,negative,negative,0.9959271550178528,0.9959271550178528,0.003071059472858906,0.0010018500033766031
the cancellations are confusing and the will double charge,neutral,neutral,0.9922945499420166,0.0027427563909441233,0.9922945499420166,0.004962692968547344
"great, but eset is going off",positive,positive,0.8833593130111694,0.01095558051019907,0.10568512231111526,0.8833593130111694
it is too slow app.,negative,negative,0.984468400478363,0.984468400478363,0.013964788056910038,0.0015668669948354363
good & need more development options,neutral,neutral,0.7115583419799805,0.0011243706103414297,0.7115583419799805,0.28731727600097656
browsing fast but before download its doing re direct and suggest an other app.,positive,neutral,0.989086389541626,0.005050879903137684,0.989086389541626,0.005862730089575052
please fix as soon as <url> cannot send message n dont have received feeds,negative,negative,0.9905421137809753,0.9905421137809753,0.007722950074821711,0.0017349995905533433
too many ads dude,negative,neutral,0.550956666469574,0.27037471532821655,0.550956666469574,0.17866864800453186
through this app i get amazing deals,positive,positive,0.9932918548583984,0.0008696661097928882,0.0058384425938129425,0.9932918548583984
very helpful & useful for media <url>,positive,positive,0.9924025535583496,0.0007907897816039622,0.006806639954447746,0.9924025535583496
very helpful the apps,positive,positive,0.9924772381782532,0.0005396758206188679,0.006983048748224974,0.9924772381782532
update screwed the app over,negative,negative,0.9959741234779358,0.9959741234779358,0.0029688074719160795,0.001057037734426558
i love the variety of fashion styles this app offers. really digging on the poses & emotion statements. emoji id me. a ok,positive,positive,0.9928058981895447,0.001223969622515142,0.005970202386379242,0.9928058981895447
except advertising everything is fine,positive,positive,0.8173002004623413,0.0012543018674477935,0.18144549429416656,0.8173002004623413
does what it's meant to do,positive,neutral,0.9754157662391663,0.012652967125177383,0.9754157662391663,0.011931261047720909
it's bad browsing with opera,positive,negative,0.9934427738189697,0.9934427738189697,0.005550193600356579,0.001006936188787222
storm warnings are behind. weather warnings just seams to be behind,neutral,neutral,0.9917301535606384,0.0025869763921946287,0.9917301535606384,0.005682857241481543
not really but they had an annoying notification getting me to rate the app so,negative,neutral,0.7713470458984375,0.0014648534124717116,0.7713470458984375,0.2271880805492401
was better before they started messing with it. but still a bit of silly fun,neutral,neutral,0.9689806699752808,0.0013151004677638412,0.9689806699752808,0.029704226180911064
can no longer save locations.,neutral,negative,0.9946133494377136,0.9946133494377136,0.003912744577974081,0.0014739192556589842
"i use to like this app. but now the radar animation don't work,and i use to like that. i see it doesn't work for other people either sence the upgrade.",negative,negative,0.76847904920578,0.76847904920578,0.22464978694915771,0.006871240213513374
it works but thats it,neutral,neutral,0.9844949841499329,0.006150063592940569,0.9844949841499329,0.00935492292046547
"next update have any problems after i'm updates its say bbm not responding, and refresh page is take a long time, maybe <number> minutes, why the hell??",neutral,negative,0.9802641868591309,0.9802641868591309,0.017102569341659546,0.002633269876241684
"just downloaded it, and haven't had the chance to use it much.",positive,negative,0.9936184883117676,0.9936184883117676,0.005127524491399527,0.0012539740419015288
inferior to the ios version.,neutral,neutral,0.9890602827072144,0.005369297228753567,0.9890602827072144,0.005570487584918737
"this app just simply doesnt care if i have allowed the data access or not. despite completely stopping the access to mobile data and wifi, it still runs in the background, connects with the internet and receives the texts. extremely intrusive and not something to have installed on your phone. if this is how it behaves, then it can't be trusted. uninstalled.",negative,negative,0.995896577835083,0.995896577835083,0.003021945944055915,0.0010815091663971543
quick booking. many options.,positive,positive,0.9769648313522339,0.00048682300257496536,0.022548304870724678,0.9769648313522339
can't jump to pages. up arrow disappears. at least make it optional for up arrow to stay visible all the time. just plain out aggregating to use.,negative,negative,0.8806580901145935,0.8806580901145935,0.11646708101034164,0.0028748128097504377
very lag and make my phone so slow,negative,neutral,0.9918539524078369,0.003631786210462451,0.9918539524078369,0.004514189902693033
useful and stable application <signature>,positive,positive,0.9915707111358643,0.0009340434917248785,0.007495250552892685,0.9915707111358643
overall a good app fast downloading and <signature>,positive,positive,0.9934060573577881,0.0007874546572566032,0.005806520581245422,0.9934060573577881
good place to work in groups,positive,positive,0.9892218112945557,0.00037695764331147075,0.010401174426078796,0.9892218112945557
good application. but needs some improvement,positive,neutral,0.6695200204849243,0.0010303331073373556,0.6695200204849243,0.32944971323013306
good app but to much fake news and add,negative,positive,0.930875301361084,0.00095587526448071,0.06816884130239487,0.930875301361084
cool idea with severe (ironic) bug,positive,neutral,0.9863889813423157,0.002036256715655327,0.9863889813423157,0.011574717238545418
this app are clearing all data,neutral,negative,0.9954267144203186,0.9954267144203186,0.0033707492984831333,0.0012025282485410571
good for a waytomake moneyon the side,neutral,negative,0.5294982194900513,0.5294982194900513,0.45918330550193787,0.011318471282720566
it is very nice app,neutral,positive,0.9855746030807495,0.0007234842632897198,0.013701941817998886,0.9855746030807495
"best editing software. ui is easy , but please remove the trial",positive,neutral,0.5957759022712708,0.00438666669651866,0.5957759022712708,0.3998374044895172
not visible in app tray!,positive,negative,0.9839227795600891,0.9839227795600891,0.014280926436185837,0.001796178170479834
the only thing i would do different is make this available on facebook i can't access it for my posts. had to uninstall and reinstall as it stopped working.,neutral,negative,0.9937949180603027,0.9937949180603027,0.004365828353911638,0.0018392263446003199
"would have been a perfect app excet for the fact that you cant insert the icon into your current text, but have to start a new one(text) <url> , and with every icon!",neutral,neutral,0.7658711075782776,0.001376850064843893,0.7658711075782776,0.2327520102262497
some issues in confirming the booking.,neutral,neutral,0.9893833994865417,0.0018766603898257017,0.9893833994865417,0.008739982731640339
pls also cover news of intl. importance,neutral,positive,0.9930850267410278,0.0007010893896222115,0.006213852670043707,0.9930850267410278
very easy to navigate,positive,positive,0.9656528830528259,0.0024950536899268627,0.031852126121520996,0.9656528830528259
won't stop shutting down. reported several times,negative,negative,0.9878694415092468,0.9878694415092468,0.00966110173612833,0.002469498896971345
easy and very helpful,positive,positive,0.971111536026001,0.002380319405347109,0.026508178561925888,0.971111536026001
"there is a problem, at least in this version, each time i try to view an already downloaded city guide while i'm online, always displays the search page for hotels <url>",neutral,neutral,0.988950788974762,0.007183402311056852,0.988950788974762,0.003865849459543824
i am just downloading the app after completion i'll increase or decrease the rating based on the app performance,neutral,neutral,0.9902881383895874,0.004441425204277039,0.9902881383895874,0.005270459223538637
"notif now okay, ads still not ok",positive,neutral,0.9857088327407837,0.007520677987486124,0.9857088327407837,0.006770430598407984
"great app, too bad i'm on android.",positive,positive,0.5913965106010437,0.02184816263616085,0.3867553174495697,0.5913965106010437
"it's is very effective app , but it takes too much time in opening",neutral,neutral,0.8556934595108032,0.00151745171751827,0.8556934595108032,0.14278900623321533
same bad it is good for search and for download but it is no to much good when i open uc browser on it home sreen or default and not save language option for my side not good,neutral,neutral,0.9917706251144409,0.0029962288681417704,0.9917706251144409,0.005233126226812601
not good for me,negative,negative,0.9873561859130859,0.9873561859130859,0.0102835139259696,0.002360229380428791
it's good for few days later it is not working well,neutral,neutral,0.9838760495185852,0.0017357021570205688,0.9838760495185852,0.01438818033784628
"keeps crashing. really looked fwd to checking it out, but crashes all the time. the few times it worked the timer got messed <url> work it out!",neutral,negative,0.9945953488349915,0.9945953488349915,0.004383936524391174,0.0010207572486251593
the worst - yet the only <url> ckck,negative,negative,0.9957482218742371,0.9957482218742371,0.002992035588249564,0.0012597553431987762
i love this app!it really helped me! devs keep on fixing and constantly improving on the app. worth any all in app purchases (which are very cheap btw). just missing a widget! &lt;/ <number>,negative,positive,0.9414340853691101,0.015518301166594028,0.043047577142715454,0.9414340853691101
my bbm very slow .. what happen ??,negative,negative,0.9032581448554993,0.9032581448554993,0.09384306520223618,0.0028987224213778973
i like booking in my computer,neutral,positive,0.9926484227180481,0.0008475463255308568,0.006503979675471783,0.9926484227180481
i like this app,positive,positive,0.8728848695755005,0.03551361709833145,0.09160149097442627,0.8728848695755005
can't do or find anything on the app,negative,negative,0.9931382536888123,0.9931382536888123,0.005457607563585043,0.0014041622634977102
why open raw files ?,positive,neutral,0.9804625511169434,0.011533544398844242,0.9804625511169434,0.008003964088857174
"all but useless in europe. slow to update and most features just don't work here at all. added a daily weather report, great! oh wait, it describes only one <url>",negative,negative,0.5062419772148132,0.5062419772148132,0.48725757002830505,0.006500389892607927
something very wrong with the app,negative,negative,0.9957250356674194,0.9957250356674194,0.0033013399224728346,0.0009735781932249665
iterate this app more then ads,negative,neutral,0.7010615468025208,0.0039838566444814205,0.7010615468025208,0.2949546277523041
old seen should not repeat please,neutral,negative,0.946502149105072,0.946502149105072,0.042953893542289734,0.01054407563060522
great app for traveling,positive,positive,0.9897097945213318,0.0009385138982906938,0.009351658634841442,0.9897097945213318
was so great <url> but <url>,negative,neutral,0.7835700511932373,0.11253450065851212,0.7835700511932373,0.10389550030231476
it's a nice app,positive,positive,0.9842091202735901,0.0006172420107759535,0.015173673629760742,0.9842091202735901
i love this service,positive,positive,0.6405826807022095,0.22097119688987732,0.13844610750675201,0.6405826807022095
larry delaney like it,neutral,positive,0.6368293762207031,0.0066363816149532795,0.3565342426300049,0.6368293762207031
not working with google messenger,neutral,negative,0.9835741519927979,0.9835741519927979,0.013452495448291302,0.0029733290430158377
"i am enjoying the app very much, it was recommended by my nephew and it is everything that he said it would be!!",positive,positive,0.9932873845100403,0.0008205153862945735,0.005892063956707716,0.9932873845100403
really only works with small documents and even then runs into freezes on motorola droid. no page jump which for books is necessary,negative,neutral,0.9505176544189453,0.045223917812108994,0.9505176544189453,0.0042584128677845
"i used to really love this app until it started killing my trees just for receiving a notification that i hadn't opened yet. advanced detection is not on. may as well turn the phone off, but i use it for music.",negative,neutral,0.9907993674278259,0.004240761511027813,0.9907993674278259,0.00495983986184001
crashes immediately after startup - can't use it!,negative,negative,0.9959487915039062,0.9959487915039062,0.0030962377786636353,0.0009549019741825759
can't login to bbm,negative,neutral,0.6816902756690979,0.296223521232605,0.6816902756690979,0.022086212411522865
an very much useful application,positive,positive,0.9867560863494873,0.0012192139402031898,0.01202468667179346,0.9867560863494873
works great except a few things,positive,positive,0.9836275577545166,0.0014557117829099298,0.014916728250682354,0.9836275577545166
"<salutation> awful interface lacking any true customisation, yet another chat app that brings nothing new to the table and steals ideas from discord, an exercise in reinventing the wheel which hasn't been updated in years and crashes all the time. also i wouldn't trust this app if you value your privacy. avoid like the plague.",negative,negative,0.9959871172904968,0.9959871172904968,0.0029259438160806894,0.0010869597317650914
good for editing bad for storage,neutral,neutral,0.9266373515129089,0.00933755561709404,0.9266373515129089,0.0640251561999321
"it's <url> only downside is can't make just any emotion, but overall great",positive,positive,0.9930174350738525,0.000805435236543417,0.0061771259643137455,0.9930174350738525
used to work . please fix,negative,negative,0.9955525994300842,0.9955525994300842,0.0033823035191744566,0.0010649773757904768
it would be great if there's a feature where i can sort my files in folders because it is irritating to find a certain file in my sea of different subjects.,positive,neutral,0.9898093938827515,0.0020552861969918013,0.9898093938827515,0.008135341107845306
one thing that uc devs definitely do is to remove ads and news <url> page is annoying if we want to read then will go in news site,negative,neutral,0.9852479696273804,0.003953163046389818,0.9852479696273804,0.010798832401633263
nice to be back,positive,positive,0.9679474234580994,0.0011109712067991495,0.03094158135354519,0.9679474234580994
"in all, we have to check this.",neutral,positive,0.9693511724472046,0.000777378270868212,0.029871394857764244,0.9693511724472046
freezes on some files,neutral,neutral,0.9907054305076599,0.004681845661252737,0.9907054305076599,0.004612712189555168
cannot save progress without spending money.,negative,negative,0.9935177564620972,0.9935177564620972,0.005126759875565767,0.0013555296463891864
greatly helpful. i like it,positive,positive,0.9793155193328857,0.0012419327395036817,0.019442599266767502,0.9793155193328857
can't even spell sydney right,negative,negative,0.9938486218452454,0.9938486218452454,0.004427086561918259,0.0017243336187675595
can't even create an account,negative,negative,0.9954227805137634,0.9954227805137634,0.0031272044871002436,0.0014499877579510212
nice app but you put extra features in this app but app is good,neutral,positive,0.9933785200119019,0.0005766376852989197,0.006044825538992882,0.9933785200119019
"good, but better without all those ads like other free messengers such as whatsapp, telegram, etc",neutral,positive,0.9913946986198425,0.0004849396354984492,0.008120350539684296,0.9913946986198425
wow. useless. hated it. <number> stars. (if i <url> ),negative,negative,0.9946298599243164,0.9946298599243164,0.0040480103343725204,0.0013221018016338348
"bloated, glorified chat. i use it because my company obliges me to do so.",negative,negative,0.9000177979469299,0.9000177979469299,0.09723834693431854,0.002743861172348261
it dors ansolutely nothing. wastef my time!,negative,negative,0.9955849647521973,0.9955849647521973,0.0034223804250359535,0.0009926294442266226
superb editing in this,neutral,positive,0.9874846339225769,0.0009991279803216457,0.011516230180859566,0.9874846339225769
"generally very good & helpful, with some good prices. free cancellation option is extremely useful.",positive,positive,0.9937559366226196,0.0006865034229122102,0.005557494703680277,0.9937559366226196
"the ""i'm listening to"" <url>",positive,positive,0.9633869528770447,0.002028554677963257,0.03458453342318535,0.9633869528770447
"solid app, but lacking in the tablet ux area",positive,neutral,0.9918204545974731,0.002535852137953043,0.9918204545974731,0.0056437114253640175
let people to create more characters,neutral,negative,0.9634715914726257,0.9634715914726257,0.030976703390479088,0.0055517395958304405
app is good brower is so fast but news section in uc brower is the worst thing in the world,neutral,neutral,0.9691324830055237,0.007480245549231768,0.9691324830055237,0.023387394845485687
"it is good easy to use , but why i have to download opera browser to download any videos from uc browser please fix this problem .",neutral,neutral,0.7698519825935364,0.001260253950022161,0.7698519825935364,0.22888782620429993
it worked better before the <url> anything posted is hard to see and get to.,neutral,negative,0.9775926470756531,0.9775926470756531,0.020741702988743782,0.001665643067099154
can't apply for instagram. please updated,neutral,neutral,0.8189960718154907,0.1342809945344925,0.8189960718154907,0.046722911298274994
image size goes from <number> mb to <number> kb else fine.,neutral,positive,0.5788026452064514,0.0011015491327270865,0.4200957715511322,0.5788026452064514
please enable apps <number> sd immediately. <signature>,negative,neutral,0.7743261456489563,0.008216296322643757,0.7743261456489563,0.21745748817920685
like the app but the don't update rainfall very often.,positive,neutral,0.984716534614563,0.0021067210473120213,0.984716534614563,0.013176759704947472
i liked <url> the size of this app is <url> is better,positive,positive,0.9777933955192566,0.0033876008819788694,0.01881893165409565,0.9777933955192566
this app is extremely bloated. for the functionality provided it should fit within <number> mb without issues.,negative,negative,0.9842923879623413,0.9842923879623413,0.014447430148720741,0.0012601782800629735
half assed. uninstall! droid ally,negative,negative,0.9960063099861145,0.9960063099861145,0.0029074717313051224,0.0010862440103664994
quite nice - would be useful to edit posts from mobile,positive,positive,0.9935445785522461,0.0007487536058761179,0.005706646014004946,0.9935445785522461
app <number> f. temp <number> f,negative,negative,0.9946358799934387,0.9946358799934387,0.003757989266887307,0.001606144243851304
too many update it's annoying,neutral,neutral,0.7761878371238708,0.2064482867717743,0.7761878371238708,0.017363887280225754
not responding to phone calls or emails. no customer service at all.,negative,negative,0.9951989054679871,0.9951989054679871,0.0038442700169980526,0.0009568219538778067
thanks for fixing the problem,negative,neutral,0.8944955468177795,0.002271476201713085,0.8944955468177795,0.1032329574227333
room rate at times is misleading subject to additional charges,neutral,neutral,0.9744769930839539,0.021872900426387787,0.9744769930839539,0.003650046419352293
access to files/photos/media,negative,neutral,0.981859028339386,0.0026131742633879185,0.981859028339386,0.015527809038758278
"best messaging app, not so great for file sharing though",positive,positive,0.9558234810829163,0.0007346897036768496,0.04344184696674347,0.9558234810829163
they want to much access,neutral,negative,0.9844681620597839,0.9844681620597839,0.012691456824541092,0.002840374829247594
"would love more clothing choices, glasses and skin tones.",neutral,positive,0.9928291440010071,0.0009653271408751607,0.006205510348081589,0.9928291440010071
line freecall is better than bbm freecall,neutral,positive,0.9549171328544617,0.0005818785284645855,0.04450095072388649,0.9549171328544617
this app very nice & use very easy,neutral,positive,0.9914518594741821,0.0012487703934311867,0.007299378979951143,0.9914518594741821
make the dp full hd,neutral,neutral,0.9788076877593994,0.0028456305153667927,0.9788076877593994,0.01834668219089508
good if it doesn't has annoying news banners,positive,neutral,0.9900716543197632,0.0024487304035574198,0.9900716543197632,0.0074796839617192745
please make the lite variant of this app for smartphones with less storage.,negative,positive,0.7489565014839172,0.002800226444378495,0.24824325740337372,0.7489565014839172
age group <number> to <number> years old,negative,neutral,0.9659835696220398,0.00785098597407341,0.9659835696220398,0.02616550214588642
takes a lot of space,negative,negative,0.768583357334137,0.768583357334137,0.22609055042266846,0.005326090846210718
trible app. ui is horrible.,negative,negative,0.9960246086120605,0.9960246086120605,0.00295748608186841,0.0010178715456277132
loved the app very much,positive,negative,0.6147472858428955,0.6147472858428955,0.2959088981151581,0.0893438532948494
this bbm is not working on my galaxy s <number> edge why,neutral,negative,0.9932671785354614,0.9932671785354614,0.004884388297796249,0.0018485058099031448
it's great <url>,neutral,positive,0.9839427471160889,0.0008375549223273993,0.015219653956592083,0.9839427471160889
where is option for timer,negative,neutral,0.876849353313446,0.0013567216228693724,0.876849353313446,0.12179401516914368
well not. so good work but. some what.,neutral,neutral,0.989662766456604,0.002718457253649831,0.989662766456604,0.007618846371769905
this could be great <url>,neutral,neutral,0.8911935687065125,0.004047340247780085,0.8911935687065125,0.10475904494524002
take too much space or ram to run,neutral,negative,0.9887171983718872,0.9887171983718872,0.009442586451768875,0.0018401644192636013
very useful. ive used the app many times in the last few years. hv even referred others by telling them directly. wish full address address of property could be included even before booking. thats my only complaint.,positive,neutral,0.9277398586273193,0.0011166718322783709,0.9277398586273193,0.07114347070455551
i love it but she doesn't look like me after making so many changes!!,positive,positive,0.7388644814491272,0.1274326890707016,0.1337028294801712,0.7388644814491272
"it's ok, but since it appears to have basic reflow why can't we have white text on black background to save battery?",neutral,neutral,0.9903765320777893,0.0018580640899017453,0.9903765320777893,0.007765436545014381
great!!! amazing tool for textbooks in pdf <url> i use it on my lenovo tab <number> <number> plus and it works awesome. most of my medical textbooks converted in pdf run absolutely fine with this app.,positive,positive,0.993599534034729,0.0008161049336194992,0.005584323778748512,0.993599534034729
bothering me for a rating,neutral,neutral,0.991611659526825,0.0024768938310444355,0.991611659526825,0.005911537446081638
it works great until you need to use another app. even when i whitelist apps my tree still withers,neutral,positive,0.9819964170455933,0.0004582877445500344,0.017545372247695923,0.9819964170455933
good weather overview. occasionally buggy (no pun intended).,positive,neutral,0.9450843930244446,0.0010858188616111875,0.9450843930244446,0.05382970720529556
when it works is great,neutral,negative,0.4947624206542969,0.4947624206542969,0.3739708960056305,0.13126668334007263
radar map doesnt work at all since last update. please fix and get <number> stars,negative,negative,0.9958409667015076,0.9958409667015076,0.0031366217881441116,0.0010223701829090714
"how do i use on facebook,?",negative,neutral,0.9249557852745056,0.015742303803563118,0.9249557852745056,0.059301916509866714
used to be my favorite app,negative,negative,0.9575872421264648,0.9575872421264648,0.03651314228773117,0.005899602081626654
its all good except for one thing.,neutral,neutral,0.8366422057151794,0.0009414836531504989,0.8366422057151794,0.16241635382175446
to good to be true,positive,neutral,0.9705249071121216,0.0035195748787373304,0.9705249071121216,0.02595547027885914
this app is useful for me,positive,positive,0.9777206778526306,0.0006924067274667323,0.02158690243959427,0.9777206778526306
"only worked for a day, then the app would never open and kept saying there was a error. uninstalled the re-installed <number> times never worked again",negative,negative,0.995894193649292,0.995894193649292,0.0029525200370699167,0.0011532456846907735
not able to open pdf's downloaded to sd <url>,negative,negative,0.9881318807601929,0.9881318807601929,0.009248954243957996,0.0026191729120910168
slow and crashes dinc v <number> . <number>,negative,negative,0.9929608702659607,0.9929608702659607,0.0055800010450184345,0.0014591417275369167
"easy to use, fairly accurate!",positive,positive,0.9870441555976868,0.001096830703318119,0.011859007179737091,0.9870441555976868
its a usefull app for informal office communication.,positive,positive,0.9937039017677307,0.0007674769149161875,0.00552857480943203,0.9937039017677307
"facebook face detection doesn't work, so you have to start from scratch. also not enough selection to choose from.",neutral,negative,0.9703693389892578,0.9703693389892578,0.027352353557944298,0.002278339583426714
more than one and add more stuff. (stuff to make the avatar),neutral,positive,0.9895720481872559,0.0008347148541361094,0.009593226946890354,0.9895720481872559
i can't play it that sucks,negative,negative,0.9957971572875977,0.9957971572875977,0.0029928276780992746,0.0012099990854039788
crashes during import htc one m <number>,negative,negative,0.956403911113739,0.956403911113739,0.039305951446294785,0.0042901551350951195
does exactly what it says. i like it.,positive,positive,0.9795560836791992,0.0016180078964680433,0.01882588490843773,0.9795560836791992
i think this app is good,positive,positive,0.94097501039505,0.001282803830690682,0.057742126286029816,0.94097501039505
great app. free cancellation should be indicated per hotel before booking.,positive,positive,0.9881927371025085,0.001185047090984881,0.010622222907841206,0.9881927371025085
"it's great for pdf, i only wish it supported other book formats like epub or mobi",positive,positive,0.9928485155105591,0.0005846696440130472,0.006566828116774559,0.9928485155105591
"stopped working and deleted everything after a week, pretty poor i'd say",negative,negative,0.9950588941574097,0.9950588941574097,0.0038691076915711164,0.0010719172423705459
"a couple days ago, started telling me it can't attatch the emoji to my texts, that just stinks! i have a galaxys <number>",negative,negative,0.986497700214386,0.986497700214386,0.012249144725501537,0.0012531046522781253
overall very useful app. i only don't like the fact that also sold-out hotels are shown. can be quite frustrating.,positive,neutral,0.9669753909111023,0.0016544621903449297,0.9669753909111023,0.03137015178799629
works well. it could have been better if approximate dates were allowed in search form.,positive,positive,0.9916704893112183,0.0005448183510452509,0.007784675806760788,0.9916704893112183
still not as good as it could be!,neutral,neutral,0.6039578318595886,0.38462722301483154,0.6039578318595886,0.011414985172450542
for more information about this review go to <url>,negative,positive,0.9905582666397095,0.0005512716015800834,0.008890461176633835,0.9905582666397095
its been <number> years im using uc browser i gave a feedback that in uc browser we can't download videos directly to sd <url> have given a feedback about this past <number> years back but still uc team have not sloved my <url> service i request google team to please remove this uc browser from google <url> dnt need this kind of careless team ..,negative,negative,0.9956443309783936,0.9956443309783936,0.00335360667668283,0.001002054545097053
awesome app to find any <url> it,positive,positive,0.9759791493415833,0.001751095987856388,0.02226973883807659,0.9759791493415833
ok permissions fix. i've updated and given back two of the four stars i'd dropped.,neutral,neutral,0.9175347089767456,0.07279591262340546,0.9175347089767456,0.009669366292655468
i love the idea but can we get a weekly forest too?? that would be quite motivating!,neutral,positive,0.9910318851470947,0.0007894938462413847,0.008178632706403732,0.9910318851470947
it's very good for edit photos and make photos and make a design of any things,positive,positive,0.9933607578277588,0.0010536612244322896,0.005585549399256706,0.9933607578277588
"i really love the lightroom software for laptops and other devices, but i don't find the app really convincing when compared to the software as you just miss so many options in the app",neutral,neutral,0.9827967882156372,0.001627231133170426,0.9827967882156372,0.015576009638607502
"latest version is <number> . <number> . <number> , last updated on <number> th september <number> . uninstalled as abandoned. desktop is already at <number> . <number> .",negative,negative,0.9959211349487305,0.9959211349487305,0.002931565046310425,0.0011473726481199265
just click the back button and my tree will still <url> and i don't think i have the whitelist edit- i think your tree only dies when you open another app that isn't on your whitelist or else the list is <url> am i wrong?,positive,neutral,0.9758131504058838,0.01715470850467682,0.9758131504058838,0.0070320977829396725
adobe products are awsome,positive,neutral,0.837636411190033,0.038946475833654404,0.837636411190033,0.12341706454753876
latest update fails to install with 'unknown reason - <number> ',neutral,negative,0.9946581721305847,0.9946581721305847,0.0037765242159366608,0.0015652518486604095
"the app syncs messages too slowly and marking messages as ""read"" is buggy.",neutral,neutral,0.9924367070198059,0.0023575720842927694,0.9924367070198059,0.005205776076763868
"great service, terrible app. the app doesn't seem work with mobile internet which makes it mostly useless.",negative,negative,0.9952180981636047,0.9952180981636047,0.0033491163048893213,0.0014328343095257878
now <number> % harder to use,negative,negative,0.963787317276001,0.963787317276001,0.0293542742729187,0.006858371198177338
marginal but still better than others i have tried.,neutral,negative,0.9941881895065308,0.9941881895065308,0.004632213152945042,0.001179567421786487
the app doesn't provide multiple tabs at a time. it would be great if its possible.,positive,neutral,0.9896009564399719,0.002073592273518443,0.9896009564399719,0.008325458504259586
good app and uesfull,negative,neutral,0.9032504558563232,0.0033294418826699257,0.9032504558563232,0.09342014789581299
only hate the <url>,positive,negative,0.9932031631469727,0.9932031631469727,0.004526175558567047,0.0022706834133714437
"i was using it every day and i think it was brilliant, even upgraded to paid version but since last update i haven't been able to access it at all as it keeps crashing. please fix it.",neutral,neutral,0.982579231262207,0.005449306219816208,0.982579231262207,0.011971400119364262
wont work for saml integration,neutral,negative,0.9888367652893066,0.9888367652893066,0.009111115708947182,0.002052134834229946
good but ads are annoying,neutral,positive,0.9146724343299866,0.002472314750775695,0.082855224609375,0.9146724343299866
"app works fine, but it is very disappointing that there is no possibility to just use the map to find available accommodation. you always have to fill a place to search, but mostly i just want to browse and see what's available, regardless of the location.",neutral,neutral,0.9525372385978699,0.001025117002427578,0.9525372385978699,0.0464375875890255
worst app and if it is install u r phone become a virus attack,negative,negative,0.9956352114677429,0.9956352114677429,0.003182357642799616,0.001182385953143239
not what i'd expect from the creators,neutral,negative,0.9658270478248596,0.9658270478248596,0.03199446573853493,0.0021784945856779814
"won't leave my facebook, like a <url>",negative,negative,0.9940078258514404,0.9940078258514404,0.0043431115336716175,0.0016490763518959284
ads is an inconvenient thing so far,positive,negative,0.91839599609375,0.91839599609375,0.07822611927986145,0.003377842251211405
"i like the interface , it's really good. for me, i feel it would be nice to have a look up option when we right-click on words . it's functionality is to link up words to our dictionary apps. <signature>",positive,positive,0.9937772750854492,0.0008155863615684211,0.005407119635492563,0.9937772750854492
good but many <url>,positive,positive,0.8470363020896912,0.003982701804488897,0.14898096024990082,0.8470363020896912
requires photos to be imported into lightroom. i know this has how the desktop version but wish the mobile version was faster and easier to use.,neutral,positive,0.9911935925483704,0.0004572038887999952,0.008349218405783176,0.9911935925483704
miss tabs to move between open docs. otherwise is fab.,positive,neutral,0.6052052974700928,0.0009862810838967562,0.6052052974700928,0.39380842447280884
"they stole from me i wanted a refund and because the manager of the hotel i chose treated me indifferently all because i wasn't <number> and so i emailed their "" <number> hour customer service"" and never got helped. lost $ <number> . don't use this app it is a trap.",negative,negative,0.9960305094718933,0.9960305094718933,0.0028475935105234385,0.0011218670988455415
my ag fans love the photos i do,positive,positive,0.9918881058692932,0.0016758715501055121,0.006436070892959833,0.9918881058692932
this app would be perfectly awesome if it worked with the keyboard on my tablet so that i could use it in facebook when i <url> without white backgrounds,neutral,positive,0.8038249015808105,0.0007432044949382544,0.1954318732023239,0.8038249015808105
"why my friends can retract or delete their messages, while i can't? i don't know what bb phone or android they have.",neutral,neutral,0.9911201596260071,0.002326603513211012,0.9911201596260071,0.006553190760314465
it sucks non free things to choose from,negative,negative,0.9958384037017822,0.9958384037017822,0.0030771794263273478,0.0010844958014786243
this is very good app for downloading,positive,positive,0.9827956557273865,0.0008758842013776302,0.01632845029234886,0.9827956557273865
not accurate information all the time,neutral,neutral,0.9708168506622314,0.024962829425930977,0.9708168506622314,0.004220385104417801
cannot show my reserved bookings,negative,neutral,0.9914312362670898,0.004666078835725784,0.9914312362670898,0.0039026245940476656
i love this app,positive,negative,0.4717092216014862,0.4717092216014862,0.19218796491622925,0.33610278367996216
my company forces me to use this app.,neutral,negative,0.9958581328392029,0.9958581328392029,0.0029757448937743902,0.0011661112075671554
it's hard to cancel a booking when <url> to use,neutral,neutral,0.9825841784477234,0.013050312176346779,0.9825841784477234,0.004365561995655298
won't open email attachments,negative,negative,0.9941039681434631,0.9941039681434631,0.004118497483432293,0.001777549972757697
couldn't find a better suited search app. compliments to the team. trivago couldn't find these many options.,positive,negative,0.9913649559020996,0.9913649559020996,0.007048155181109905,0.0015868766931816936
"simple to use, don't seem to be able to see complete booking information",positive,positive,0.9707674384117126,0.003208311041817069,0.026024246588349342,0.9707674384117126
absolutely one of the <signature>,positive,positive,0.9923576712608337,0.0009819456608965993,0.006660303100943565,0.9923576712608337
i like the reading mode specially. but sometimes it crashes.,positive,positive,0.9860343337059021,0.00044473513844422996,0.013520900160074234,0.9860343337059021
sounds and digital mixer cansol,positive,neutral,0.742663562297821,0.005774370394647121,0.742663562297821,0.2515620291233063
"lacks a lot of basic features such as bookmarks and ""goto page"". thinkoffice does a better job.",negative,neutral,0.9481686353683472,0.04770311713218689,0.9481686353683472,0.004128198139369488
much better than asana,positive,positive,0.9878436326980591,0.0008804796379990876,0.011275934055447578,0.9878436326980591
better on my windows phone,negative,neutral,0.9882005453109741,0.0017796416068449616,0.9882005453109741,0.010019838809967041
it's good but always show on screen when i switch on my home screen,neutral,positive,0.9885609745979309,0.0003823683364316821,0.011056652292609215,0.9885609745979309
this app is my go to when i need to know about the weather.,positive,positive,0.9934327602386475,0.0008069779141806066,0.005760274361819029,0.9934327602386475
"okay but not great, and not really improving",neutral,neutral,0.9901669025421143,0.0023760672193020582,0.9901669025421143,0.007456977851688862
it should have pause option,neutral,neutral,0.8763178586959839,0.0011277199955657125,0.8763178586959839,0.12255442887544632
"all is good in this app except i couldn't see any hdr option while clicking photos, may be since i use oneplus one, which also has high processing power and advanced chipset enough to support this app. so they should support many more devices like this! hope the support arrives in next update itself.",neutral,neutral,0.9755056500434875,0.0010928858537226915,0.9755056500434875,0.023401521146297455
"professional app , useful for office purpose , easily connect to office by mobile but too much heavy unable to send messages on slow network.",positive,positive,0.9842937588691711,0.00044462777441367507,0.015261650085449219,0.9842937588691711
update is not starting after clicking on update button,negative,neutral,0.9382876753807068,0.04736042022705078,0.9382876753807068,0.014351877383887768
hate it since the update,negative,negative,0.9955273270606995,0.9955273270606995,0.003362480318173766,0.0011101842392235994
tired of getting ripped off.,negative,negative,0.995964527130127,0.995964527130127,0.003036336973309517,0.0009991438128054142
had to sleep in the truck!,negative,negative,0.9864675402641296,0.9864675402641296,0.011608476750552654,0.0019240383990108967
radar stopped working. i would've given <number> star rating if it worked.,negative,negative,0.995381236076355,0.995381236076355,0.003330437233671546,0.0012884351890534163
worst experience in goa,negative,negative,0.9958528280258179,0.9958528280258179,0.0029840911738574505,0.0011630768422037363
like it because it syncs better,positive,positive,0.9297705888748169,0.0015366788720712066,0.06869268417358398,0.9297705888748169
i can connect to my friends.,positive,positive,0.9934326410293579,0.0007040411583147943,0.005863338243216276,0.9934326410293579
i love this app,negative,negative,0.4717092216014862,0.4717092216014862,0.19218799471855164,0.33610278367996216
fantastic app for downloading and easy to use,positive,positive,0.993653416633606,0.0007350994856096804,0.005611486732959747,0.993653416633606
"unable to change alert sound. not in options. unable to enable alerts per channel, on all or keywords and direct. closer to a beta than an app.",negative,negative,0.9655899405479431,0.9655899405479431,0.03235231712460518,0.002057758392766118
so much fun! makes people laugh.,positive,positive,0.9808850884437561,0.0012722936226055026,0.017842557281255722,0.9808850884437561
similar to all other photo editing apps. doesn't stand out from ythe rest.,neutral,neutral,0.9856573343276978,0.002167180646210909,0.9856573343276978,0.01217550877481699
the quality of display picture is so bad,neutral,neutral,0.9902895092964172,0.005363492760807276,0.9902895092964172,0.004347069188952446
this app is very fast,neutral,positive,0.9887385368347168,0.0008436199859715998,0.01041788887232542,0.9887385368347168
dear friends do not install this browser. this browser is pathrtic <url> will ads and ads on this .really annoying,negative,negative,0.9874130487442017,0.9874130487442017,0.009566511027514935,0.0030203841160982847
please fix so i can type!,negative,neutral,0.9873321652412415,0.0034033083356916904,0.9873321652412415,0.009264553897082806
able to provide sufficent info regarding hotel that want to be rent,positive,neutral,0.9913103580474854,0.0032336111180484295,0.9913103580474854,0.005456069018691778
they make you pay to create an account!! this is outrageous.,negative,negative,0.9956379532814026,0.9956379532814026,0.003153714584186673,0.0012084253830835223
"it's a great concept for assosiating a reward to focus for those of us who struggle; however, my tree withers when someone phones me and i don't answer which is obviously a piss off.",positive,neutral,0.9779838919639587,0.00226367125287652,0.9779838919639587,0.019752349704504013
really a very good app,positive,positive,0.9664179086685181,0.0017179587157443166,0.03186412155628204,0.9664179086685181
awesome app! it will be better if you sync all your timers on your phones and chrome/mozilla extension. because i have to start to plant on my <number> phones and my browers when i'm working when you can do it just once and all your timers will start automatically. i hope you do it!,positive,positive,0.9879307746887207,0.0007197509403340518,0.011349479667842388,0.9879307746887207
this app is very nice,positive,positive,0.9835808277130127,0.0008481252589263022,0.015570985153317451,0.9835808277130127
"this app is super cute! my only complaint is that there is no piercing section! i have <number> piercings and would really like to at least have a nose ring! or maybe earrings? also think you should be able to customize outfits, like pick a shirt, bottoms, and shoes! instead of just the premade outfits.",positive,positive,0.9928979873657227,0.0011376419570297003,0.00596438255161047,0.9928979873657227
"app is okay but has superfluous things that i will never use. including every option is okay but the ideal app would allow for complete customization of components and page information that is pertinent to the user and where they are located. additionally, collecting metrics on what users actually use versus what is weak allows for improved development of the weaker app areas. that said, i have used this app for a long time with little cause for complaint.",neutral,neutral,0.9890457391738892,0.00145061407238245,0.9890457391738892,0.009503712877631187
could you please add an option for exporting photos using the png format? it would be very handy.,neutral,positive,0.9923890233039856,0.0006422651349566877,0.00696873152628541,0.9923890233039856
i like the reflow feature. but useless for me as i can't search nor skip to a specific page (have to scroll through entire books),negative,neutral,0.9863635897636414,0.009657508693635464,0.9863635897636414,0.003978961147367954
"simple yet effective. would be great if the app had more customisation options like moving the plants around, changing the colour etc.",positive,positive,0.9930404424667358,0.0008282099151983857,0.00613138685002923,0.9930404424667358
uc brouser is <signature>,positive,positive,0.4270188808441162,0.20108149945735931,0.37189969420433044,0.4270188808441162
not starting since last update. please see to it. i gave <number> star so you can quickly check my issue. my phone is note <number> neo n <number>,positive,neutral,0.9467873573303223,0.0033854979556053877,0.9467873573303223,0.04982706531882286
doesn't work properly on nova launcher,neutral,negative,0.9799169898033142,0.9799169898033142,0.017168525606393814,0.0029144235886633396
"useful, informative and helpful <signature>",positive,positive,0.9932090640068054,0.0008653562981635332,0.005925554316490889,0.9932090640068054
still no floating head!! disappointed,negative,negative,0.9946327209472656,0.9946327209472656,0.00373724102973938,0.001630118815228343
this app sucks now,negative,negative,0.9957767128944397,0.9957767128944397,0.0030830400064587593,0.001140306587330997
it can't find my photos,negative,negative,0.9948421120643616,0.9948421120643616,0.0036814475897699594,0.0014764474472030997
what happened to my little shortcut!? or used to stay open in all my messaging <url> now it's gone!!,negative,negative,0.8855232000350952,0.8855232000350952,0.11020324379205704,0.004273566883057356
stable and functional but not totally user friendly.,neutral,neutral,0.9744585752487183,0.003440369386225939,0.9744585752487183,0.0221011471003294
this is good <url>  downloading movies but many. ads are come in between browsing,neutral,positive,0.9192079305648804,0.0006345026777125895,0.0801575556397438,0.9192079305648804
i don't like the company not the app,negative,neutral,0.8581291437149048,0.07007516920566559,0.8581291437149048,0.07179573178291321
"great app but would love to have better clothing styles. maybe peacoats, pencil skirts etc. <signature>",positive,positive,0.9928303360939026,0.001468853559345007,0.0057008517906069756,0.9928303360939026
radar map will not move. it hasn't been accurate either.,negative,negative,0.9945656061172485,0.9945656061172485,0.003926106262952089,0.0015082673635333776
"simplistic, designed to exceed expectations and overcome limitations.",positive,neutral,0.9915181994438171,0.003931016661226749,0.9915181994438171,0.004550732206553221
<url> sometimes it's gone <url> hate slow,neutral,neutral,0.9801581501960754,0.009167768992483616,0.9801581501960754,0.010674059391021729
"i would use it more but i dont like that it has to start a new message, would be better if it would just add to the convo on the screen",neutral,neutral,0.9893607497215271,0.0018191055860370398,0.9893607497215271,0.008820055983960629
very bad app. it is forcing to instal. i think it is a virus.,negative,negative,0.9957349300384521,0.9957349300384521,0.0031147324480116367,0.0011503155110403895
better if no trial period and unlimited use for free,positive,neutral,0.8047260642051697,0.0017550919437780976,0.8047260642051697,0.19351889193058014
great but needs presets access,neutral,positive,0.9890177249908447,0.0004875832819379866,0.010494637303054333,0.9890177249908447
each time it simply keeps saying that my phone has <url> disgusting,negative,negative,0.9951043128967285,0.9951043128967285,0.003879911731928587,0.0010157760698348284
keeps documents in line. i really like this application!,positive,positive,0.9859112501144409,0.0014285610523074865,0.012660243548452854,0.9859112501144409
anyone video download stop and very slow download,negative,neutral,0.5103523135185242,0.4775826930999756,0.5103523135185242,0.012064983136951923
used to work but no longer does. writing this review while my is growing :/,neutral,negative,0.9842556118965149,0.9842556118965149,0.013458997942507267,0.0022853713016957045
limited options but fun,neutral,neutral,0.9901926517486572,0.0018071387894451618,0.9901926517486572,0.008000217378139496
would give better but have'nt used much yet,negative,neutral,0.7598576545715332,0.001365575473755598,0.7598576545715332,0.23877674341201782
"app ok, but temp doesn't update in notification bar",neutral,neutral,0.9909213185310364,0.0026473437901586294,0.9909213185310364,0.006431266665458679
no way to redeem tickets.,neutral,negative,0.9948478937149048,0.9948478937149048,0.004108656197786331,0.001043572905473411
"silly app , it would let me open google while it will kill the plant if i open calculator or dictionary",negative,neutral,0.8060332536697388,0.18595726788043976,0.8060332536697388,0.008009452372789383
"wow, such a pos!",negative,positive,0.9911749362945557,0.0006798975518904626,0.008145161904394627,0.9911749362945557
is a great app but since the update a couple of days ago i can't get radar to work. tried uninstalling and reinstalling but doesn't work.,positive,neutral,0.7275950312614441,0.2413112074136734,0.7275950312614441,0.031093725934624672
"i hate start up with system, i don't use it frequently",negative,negative,0.9956010580062866,0.9956010580062866,0.003291831351816654,0.001107131945900619
push notifications not working,negative,negative,0.9760208129882812,0.9760208129882812,0.020183198153972626,0.003795997239649296
good combination with acrobat reader. it's quite clear,positive,positive,0.9891970753669739,0.0003323561395518482,0.010470530949532986,0.9891970753669739
nice. update it to be more digital. very clear,positive,positive,0.9885757565498352,0.0006444823229685426,0.010779711417853832,0.9885757565498352
nice but sometimes hanging,positive,positive,0.9902361035346985,0.0006402990547940135,0.009123544208705425,0.9902361035346985
still getting to know it,positive,neutral,0.941922128200531,0.007840032689273357,0.941922128200531,0.050237786024808884
i use it for reading articles and it's fine. would be useful to be able to open two articles at once for cross reference but otherwise happy with the app,positive,positive,0.993593156337738,0.0007675867527723312,0.005639197304844856,0.993593156337738
its better than others,neutral,positive,0.9783836007118225,0.0007033647270873189,0.020913032814860344,0.9783836007118225
does not work. in play store not listed as trial .come on adobe you stop down loads from your services now products do not work and listed as free we hen really a trial,negative,negative,0.9959059953689575,0.9959059953689575,0.0029659646097570658,0.001128006144426763
almost a good editor,positive,positive,0.9069451689720154,0.0029102631378918886,0.09014450758695602,0.9069451689720154
not able to download new <url>,neutral,negative,0.981019914150238,0.981019914150238,0.01490697916597128,0.004073167219758034
"so i create a pdf using an adobe program, then send it to my phone to see what it looks like, but it won't open! pretty lame if you ask me.",negative,neutral,0.9900741577148438,0.005763702094554901,0.9900741577148438,0.0041622137650847435
sometime can't change display picture at asus zenfone <number> . please fix,negative,neutral,0.9835169911384583,0.0023908624425530434,0.9835169911384583,0.014092172496020794
really nice concept but on android it just keeps hanging and eventually crashing.,negative,neutral,0.9826686382293701,0.0026506015565246344,0.9826686382293701,0.014680770225822926
doesn't work on my phone. always error,negative,negative,0.9623203277587891,0.9623203277587891,0.03040281869471073,0.007276840042322874
slackbot opens every time i start to type a reply in the app. started happening with the last update (note <number> ). why can't we disable slackbot? <number> star until we get this ability.,negative,negative,0.9920618534088135,0.9920618534088135,0.006291007623076439,0.0016471369890496135
"complex app that covers all sorts of things related to travelling, maybe too many",positive,positive,0.9901003241539001,0.0016003540949895978,0.008299385197460651,0.9901003241539001
great and more awesome,positive,positive,0.9789592623710632,0.002389429835602641,0.018651243299245834,0.9789592623710632
not what i asked for,negative,negative,0.9850279092788696,0.9850279092788696,0.01331904623657465,0.0016530923312529922
i wish you would show canadian maps,neutral,neutral,0.6292018294334412,0.001402179361321032,0.6292018294334412,0.36939600110054016
you don't allow to take in-app screenshots?,neutral,neutral,0.816362202167511,0.16491711139678955,0.816362202167511,0.018720712512731552
how about date birth,negative,neutral,0.9851893186569214,0.0046110376715660095,0.9851893186569214,0.0101996511220932
"works great, other then not being able to delete content directly from phone.",neutral,positive,0.7219290733337402,0.006135404575616121,0.27193552255630493,0.7219290733337402
can't copy/paste or add keyboard to android,negative,neutral,0.9853229522705078,0.010338506661355495,0.9853229522705078,0.004338462371379137
can't even create a account tried more than <number> times,negative,negative,0.995699405670166,0.995699405670166,0.002962255384773016,0.0013382616452872753
fast and good but missing features.,neutral,positive,0.94376540184021,0.00177604123018682,0.05445849895477295,0.94376540184021
cannot get rid of floating head in my messages and it's driving me mad. i've had to uninstall the app to get rid of it &gt;:-/,negative,negative,0.9885641932487488,0.9885641932487488,0.010109178721904755,0.0013266110327094793
"love this app. i use it to study, but i answered a phone call and it wilted my tree. i can't really help when i receive phone calls. this one had to be answered and now i have to look at a wilted tree in my beautiful forest. i am upsetti spaghetti since i'm a perfectionist",positive,positive,0.5103843808174133,0.01276217307895422,0.4768534302711487,0.5103843808174133
this app is slowly work,neutral,neutral,0.8365067839622498,0.08032787591218948,0.8365067839622498,0.08316533267498016
no instructions on how to delete files/pages viewed.,neutral,neutral,0.5835152268409729,0.4107864797115326,0.5835152268409729,0.005698255728930235
it helps a lot.,positive,positive,0.9612286686897278,0.0013835717691108584,0.03738779574632645,0.9612286686897278
"need to improve performance, usablity, and <url>",neutral,positive,0.8613924384117126,0.0007469747797586024,0.13786056637763977,0.8613924384117126
multiple image share option is missing,neutral,positive,0.8229471445083618,0.0010015914449468255,0.1760512888431549,0.8229471445083618
"i like the functions, but",neutral,neutral,0.737725555896759,0.0014132041251286864,0.737725555896759,0.26086121797561646
why don't you just block us all?! =d =d =d,negative,neutral,0.9703574180603027,0.024091536179184914,0.9703574180603027,0.00555102713406086
easy to find hotel,neutral,positive,0.9711927175521851,0.001404609065502882,0.027402708306908607,0.9711927175521851
"if unexpected crashes negleted, it is so far the <signature>",positive,positive,0.9926496148109436,0.0008221575408242643,0.006528258323669434,0.9926496148109436
used to love it,negative,negative,0.9627036452293396,0.9627036452293396,0.03235403075814247,0.004942270927131176
"i love this app but with the latest update it died when i used a white listed app, and when i checked my whitelist i couldn't scroll through or change anything which was weird. plz fix this and add more trees!",positive,neutral,0.9912330508232117,0.0019908437971025705,0.9912330508232117,0.006776086520403624
very good mobile phone photo editor,positive,positive,0.991823136806488,0.0008016695501282811,0.007375237066298723,0.991823136806488
keeps telling u to turn on the access then brings u to the settings page and even aft you check all the boxes doesnt take you back to the app. and continues to keep popping up disrupting phone usage. app doesnt work properly,negative,negative,0.9957736134529114,0.9957736134529114,0.0032689019571989775,0.0009574456489644945
app is faster but stucks mobile pleas fix it up,positive,neutral,0.9500330090522766,0.0016048320103436708,0.9500330090522766,0.04836225509643555
"should have ""seen"" feature",neutral,neutral,0.8942353129386902,0.0012962818145751953,0.8942353129386902,0.10446841269731522
"can not zoom in or out, plis fix",neutral,negative,0.9401379227638245,0.9401379227638245,0.05460861697793007,0.00525342021137476
nice idea and interface but finding friends doesn't work on android,neutral,positive,0.6215860247612,0.0025418829172849655,0.3758721351623535,0.6215860247612
white list is so frustrating!,negative,negative,0.992882490158081,0.992882490158081,0.006052972748875618,0.001064494950696826
need <url> saving to gallery issue adding photo issue,neutral,neutral,0.9790524840354919,0.012626757845282555,0.9790524840354919,0.008320722728967667
the live doppler doesn't work since i updated,negative,negative,0.9871910810470581,0.9871910810470581,0.010694054886698723,0.0021148237865418196
very ugly and difficult to use platform. i do not suggest it. very bad,negative,negative,0.9958090782165527,0.9958090782165527,0.003068602178245783,0.0011222955072298646
recent update be unstable and loading so late,neutral,neutral,0.9813511371612549,0.012870634905993938,0.9813511371612549,0.005778307095170021
would give <number> stars if you blocked the facebook messenger bubble as well,positive,neutral,0.9863986372947693,0.0017425486585125327,0.9863986372947693,0.011858821846544743
it's a good overall weather app. do miss the traffic cam.,positive,neutral,0.7878861427307129,0.000917938828933984,0.7878861427307129,0.2111959010362625
really hard to navigate.,neutral,negative,0.9683071970939636,0.9683071970939636,0.02815018966794014,0.003542583901435137
they don't refund difference if room is cheaper,negative,negative,0.9748149514198303,0.9748149514198303,0.021531404927372932,0.003653719089925289
"works most of the time. freezes sometimes while trying to open a document, but just restart the app and it's good to go.",positive,neutral,0.9911417961120605,0.0019506558310240507,0.9911417961120605,0.006907509174197912
my friend show me it on tumbler it's amazing <signature>,positive,positive,0.9928777813911438,0.00066379364579916,0.006458418909460306,0.9928777813911438
would of gave it <number> stars if i could. i just figured out that this app was using <number> % of my battery life and i never even use the app. sucks really bad.,negative,negative,0.9957742094993591,0.9957742094993591,0.0031305972952395678,0.0010951969306915998
"you ruined the icon, we said ok. now you are ruining the background color too. stop changing, no one was complaining!",neutral,negative,0.9954883456230164,0.9954883456230164,0.003343238728120923,0.0011683831689879298
should have been a <number> star but why's the android version lacking local adjustments that the ios version has. i can understand that there may be delays among platforms but it's already <number> months behind!,neutral,neutral,0.9895797371864319,0.00180926697794348,0.9895797371864319,0.008611029013991356
nothing i want from this app,negative,negative,0.5604808926582336,0.5604808926582336,0.43019622564315796,0.00932290405035019
so great until today,negative,neutral,0.6134485602378845,0.14172270894050598,0.6134485602378845,0.2448287308216095
it would be nice if it had it on like whatsapp for android but you have to download another app to access that <url> yeah but it's good,positive,neutral,0.875911295413971,0.0008408089634031057,0.875911295413971,0.1232479140162468
high quality images turns into low quality,neutral,neutral,0.9890671372413635,0.006608523894101381,0.9890671372413635,0.004324299283325672
"it doesnt work, the screen flashes on and off and it wont open",negative,negative,0.9958796501159668,0.9958796501159668,0.0030740511137992144,0.0010462763020768762
no retract in options,neutral,neutral,0.9888507723808289,0.002699512057006359,0.9888507723808289,0.00844973511993885
last position read somewhat flawed,neutral,neutral,0.9899489879608154,0.005459712352603674,0.9899489879608154,0.0045912861824035645
get <number> days free trial. nice. to try it i need to be able to access photos that store to my sd card. i do that so i have room on my phones internal drive. waste of time,negative,negative,0.9936670660972595,0.9936670660972595,0.004784964025020599,0.0015480126021429896
does not support to open pwd protected document,neutral,negative,0.9531530141830444,0.9531530141830444,0.04279003664851189,0.00405697338283062
got rid of the irc gateway. this was why we used slack. uninstalled.,negative,negative,0.9957433342933655,0.9957433342933655,0.0031704450957477093,0.001086279284209013
more theme and customization <url>,positive,positive,0.9778363704681396,0.0024708183482289314,0.01969277858734131,0.9778363704681396
some items don't work!,neutral,neutral,0.9798262715339661,0.009235857054591179,0.9798262715339661,0.010937918908894062
map animation still has bug.,negative,negative,0.7751718759536743,0.7751718759536743,0.19170621037483215,0.033121850341558456
"ignores some files, loads a few others",neutral,neutral,0.9831566214561462,0.013461546041071415,0.9831566214561462,0.0033818399533629417
it's not as good as it used to be,neutral,neutral,0.901785671710968,0.08205553889274597,0.901785671710968,0.016158675774931908
"good, but needs things",positive,positive,0.6910936236381531,0.0016128235729411244,0.307293564081192,0.6910936236381531
not working properly on samsung galaxy a <number> .,negative,negative,0.9920607805252075,0.9920607805252075,0.006195163819938898,0.0017440712545067072
views pdfs better then stock app but it doesn't see pdf's on sd card,negative,neutral,0.99089115858078,0.0025099830236285925,0.99089115858078,0.006598897278308868
no way to get rid of ads on terrible screen layout.,negative,negative,0.9957382678985596,0.9957382678985596,0.003311029402539134,0.0009506511851213872
required an account. i want an app to edit pictures on my phone. the online storage and synchronization should be an optional feature; not a requirement.,negative,neutral,0.9911449551582336,0.002795918844640255,0.9911449551582336,0.00605920422822237
ok with local weather love the thunder part of the app,positive,positive,0.9899163842201233,0.0005674301064573228,0.009516192600131035,0.9899163842201233
trivago the tru app,neutral,neutral,0.8965663313865662,0.05268527939915657,0.8965663313865662,0.05074843764305115
add a floating notification,positive,neutral,0.855074405670166,0.0026087185833603144,0.855074405670166,0.14231689274311066
why i can not share video on bbm group; too many update but no significant effect,negative,neutral,0.9900276064872742,0.0036579601000994444,0.9900276064872742,0.006314432248473167
limited options for search,negative,neutral,0.9914522171020508,0.0022426561918109655,0.9914522171020508,0.006305137649178505
good for messaging not for calls,neutral,neutral,0.7888318300247192,0.006138233467936516,0.7888318300247192,0.20503002405166626
"it's available when i need it and it's more accurate than other weather apps i've tried. update(jan <number> ) <url> recent california winter has been crazy, and frankly this app has let me down with inaccurate forecasts for most of it. comparatively, the google now app is more accurate. maybe the sensors in my area are just bad. when it's fixed, i revisit my review.",neutral,neutral,0.9909267425537109,0.00198968593031168,0.9909267425537109,0.007083569653332233
you could add a bit more features. birthmarks scars moles etc,positive,neutral,0.9820979237556458,0.0014102834975346923,0.9820979237556458,0.016491761431097984
i am using it before <number> years,positive,positive,0.9195436835289001,0.013092322275042534,0.06736400723457336,0.9195436835289001
like many sites if you visit a chosen hotel more than once or twice the price rises!,neutral,neutral,0.8043146729469299,0.007760457694530487,0.8043146729469299,0.1879248470067978
amazing experience so far with this. iam being familiar with it.,positive,positive,0.9935839772224426,0.0005829353467561305,0.005833124276250601,0.9935839772224426
doesn't save properly half the time and definitely could use some more filters.,negative,neutral,0.9912181496620178,0.003133041551336646,0.9912181496620178,0.005648727994412184
why is the iphone app so much better!,negative,neutral,0.980747401714325,0.006638476625084877,0.980747401714325,0.012614073231816292
"browser not opening sites, it just ideal.",negative,neutral,0.7926360368728638,0.0029150829650461674,0.7926360368728638,0.2044489085674286
"continuous crashing, won't even open now.",negative,negative,0.9957656860351562,0.9957656860351562,0.0030219999607652426,0.0012123823398724198
they forced me to rate them so i docked a star.,neutral,negative,0.9958807229995728,0.9958807229995728,0.003151944139972329,0.0009672950254753232
lame. doesnt work for samsung intercept,negative,negative,0.9949076771736145,0.9949076771736145,0.003969481680542231,0.0011228639632463455
of mice and man,negative,negative,0.8200542330741882,0.8200542330741882,0.11411610245704651,0.06582960486412048
only thing missing is custom notification,positive,positive,0.8211707472801208,0.005664665251970291,0.17316462099552155,0.8211707472801208
video cant open after click tha video,negative,negative,0.99204021692276,0.99204021692276,0.0059637101367115974,0.0019959607161581516
weather animation has stopped and will not start. has been off nearly <number> weeks.,negative,negative,0.9939656853675842,0.9939656853675842,0.004561638459563255,0.0014726587105542421
"i just came here because this app was featured on silicon valley, looks like a great app with an attractive interface.",positive,positive,0.5063530206680298,0.019491855055093765,0.47415509819984436,0.5063530206680298
it's okay except for i have a lg phone and it doesn't work that well with the lg phone,positive,neutral,0.9897032380104065,0.0017520471010357141,0.9897032380104065,0.00854476261883974
cannot open or detect image file imported from nikon <number> j <number> camera which has .jpeg <url> i had to convert it first or use another photo app editing and save <url> so lightroom could detect the file <url>,neutral,neutral,0.9545936584472656,0.04121524468064308,0.9545936584472656,0.004191124811768532
having trouble downloading the app,negative,negative,0.8865236639976501,0.8865236639976501,0.10894209146499634,0.004534146282821894
i can't sent it through my messages to my contacts. only through facebook and that is absolutely ridiculous. this app sucks,negative,negative,0.995909571647644,0.995909571647644,0.002932397648692131,0.001157969469204545
very quickly reservation done.,positive,positive,0.9917944073677063,0.0007580177625641227,0.00744759663939476,0.9917944073677063
<salutation> please give setting to turn it off,negative,neutral,0.9632875919342041,0.00659075565636158,0.9632875919342041,0.030121667310595512
fantastic app to track lighting! the rest of the app is the same as any other really. but in fairness i do not use the rest of the app.,positive,neutral,0.9727463126182556,0.0012762221740558743,0.9727463126182556,0.02597741223871708
service is good but app is not much android oriented,neutral,neutral,0.990477442741394,0.0022911312989890575,0.990477442741394,0.007231412921100855
this app is better,neutral,positive,0.9758826494216919,0.0011600187281146646,0.02295732870697975,0.9758826494216919
the improvement are a lot better but it would be nice to be able to send large mp <number> or mp <number> files via bbm.,positive,positive,0.9818243384361267,0.00031967757968232036,0.017855970188975334,0.9818243384361267
viuggg hang with my life in your help me a lot and then you have any attachments may contain information contained herein including attachments if it would love the way i will have been sent me a new one day i was thinking about my life in your,positive,positive,0.9899914264678955,0.0008285361109301448,0.009180024266242981,0.9899914264678955
can't get to work for motorola droid,negative,negative,0.9887260794639587,0.9887260794639587,0.008863081224262714,0.002410813933238387
bad for the aap is hanging,neutral,neutral,0.9364528656005859,0.058369819074869156,0.9364528656005859,0.005177336744964123
its really <url> though remove the trial days remaining,positive,neutral,0.8878419995307922,0.005900167394429445,0.8878419995307922,0.10625782608985901
horrible radar. constant storm alerts with no storms around,negative,negative,0.9956373572349548,0.9956373572349548,0.0031861376482993364,0.0011766067473217845
cool idea pain da butt to use then at times wont work <url>,negative,negative,0.9761987924575806,0.9761987924575806,0.021571045741438866,0.0022301673889160156
new update v <number> . <number> crashes all the time,positive,neutral,0.738979697227478,0.20566564798355103,0.738979697227478,0.05535462498664856
"it's okay (at least, freebies now included) <url>",neutral,neutral,0.9382621645927429,0.0008191732922568917,0.9382621645927429,0.060918599367141724
only <number> stars since it will not let me delete any files. please fix.,neutral,negative,0.9187211990356445,0.9187211990356445,0.07098375260829926,0.01029506791383028
does what it is supposed to do and does it well.,positive,positive,0.9847232103347778,0.0003794873191509396,0.014897262677550316,0.9847232103347778
"very useful, but has a few annoyances",positive,positive,0.9846569895744324,0.00039373186882585287,0.014949280768632889,0.9846569895744324
can't download <url>,negative,negative,0.9352841973304749,0.9352841973304749,0.05853911489248276,0.0061766617000103
"generally a good pdf viewer. i love the reading mode that reflow text and adjust font for better reading experience. the only problem, or i should call it a bug, is that it seems like this mode hates to see <number> letters ""f"" & ""i"" being together. for words like ""find"", ""first"", ""prefix"", etc. you will see only ""nd"", ""rst"", ""prex"", etc.",positive,positive,0.9911744594573975,0.00048239159514196217,0.008343079127371311,0.9911744594573975
no support for paid ad-free version,neutral,negative,0.9928048253059387,0.9928048253059387,0.006175244692713022,0.001019997987896204
i like this app,positive,positive,0.8728848099708557,0.03551366180181503,0.09160158783197403,0.8728848099708557
used to use it for studying but after reacent update it won't open. please fix,neutral,negative,0.9942418336868286,0.9942418336868286,0.004403935745358467,0.001354196690954268
last update is a disaster,negative,negative,0.9939577579498291,0.9939577579498291,0.004256999120116234,0.0017853102181106806
would be better if emoji's didn't disappear when new ones are added,neutral,positive,0.8397761583328247,0.0009541813633404672,0.15926966071128845,0.8397761583328247
good for basic stuff,neutral,neutral,0.7843152284622192,0.007427843287587166,0.7843152284622192,0.20825698971748352
fun but android needs more options!!,neutral,neutral,0.9257820844650269,0.002702591475099325,0.9257820844650269,0.07151532918214798
"the usual mediocre bare bone pdf reader from adobe, totally lacking in functionality. repligo reader is better",negative,neutral,0.9678097367286682,0.028060266748070717,0.9678097367286682,0.004130020271986723
stays open in background,negative,negative,0.6743324995040894,0.6743324995040894,0.3114655315876007,0.014201962389051914
it's actually helpful.,positive,neutral,0.9832450151443481,0.0012381880078464746,0.9832450151443481,0.015516802668571472
good enough and satisfied result <url> its quite good aap,neutral,positive,0.9835187196731567,0.00044913115561939776,0.016032159328460693,0.9835187196731567
why songs are not downloading from the websites. there is always showing error. whenever i download some song. pls fix this bugg,neutral,negative,0.9855237007141113,0.9855237007141113,0.01302990224212408,0.001446406589820981
booking is simple and straight forward.,positive,positive,0.9936536550521851,0.0007752124220132828,0.0055711278691887856,0.9936536550521851
"a really good and practical app, however like every other app it still has room for improvement!",positive,positive,0.9936546087265015,0.0009090471430681646,0.005436335690319538,0.9936546087265015
excellent pdf viewer rendered unusable by the inability to jump to a page and by the fact that it doesn't remember where you were or bookmarks.,negative,positive,0.9777717590332031,0.0006827895995229483,0.02154548652470112,0.9777717590332031
good site but still faceing issue with hotel even we confirm through app,positive,neutral,0.9673734903335571,0.001003505545668304,0.9673734903335571,0.031622979789972305
it took forever to download,neutral,neutral,0.7101908326148987,0.27983900904655457,0.7101908326148987,0.009970176964998245
i've started using the lightroom camera to take all my photos in raw (dng) and i've noticed today that while out at <number> : <number> on <number> / <number> / <number> and taking pictures the time and date stamp on the images says <number> : <number> <number> / <number> / <number> . what's all that about? i can't change it so where does it get it's info from? also the preview does not show the correct colour. it does when using the slider but as soon as i let it go the image reverts back to a almost black and white.,neutral,neutral,0.9861494302749634,0.0026136909145861864,0.9861494302749634,0.011236961930990219
it's cute for younger people but i use it some. i'm <number> yrs old.,positive,neutral,0.6705970764160156,0.0012526470236480236,0.6705970764160156,0.3281502425670624
"i had login throught google + <url> but i changed my mind and wanted to login through <url> so, i logged out !!! now, i cannot login back. the app is going back to registration page with the option to login to facebook !!! please look into the solution for this !",neutral,neutral,0.8901174068450928,0.1048133596777916,0.8901174068450928,0.005069172475486994
please could we have the option to install to sd card. what is the point in having a large sd card if it doesn't even get used,negative,neutral,0.9894339442253113,0.0020739512983709574,0.9894339442253113,0.008492100052535534
wont open at all,negative,negative,0.9948855042457581,0.9948855042457581,0.0037046102806925774,0.0014098791871219873
good stickers allow users to express better. how come i cannot use bbm calls?,neutral,positive,0.556383490562439,0.0007778946310281754,0.4428386688232422,0.556383490562439
why pr have no radar????,negative,negative,0.9899152517318726,0.9899152517318726,0.008270629681646824,0.0018141107866540551
before it can connect even the signal is weak now it needs more signal to connect,neutral,neutral,0.9781852960586548,0.017609449103474617,0.9781852960586548,0.004205232951790094
radar maps are all wrong,negative,negative,0.994905948638916,0.994905948638916,0.0038654557429254055,0.0012285523116588593
it is fast downloading app,positive,positive,0.9873036742210388,0.0007982000824995339,0.011898149736225605,0.9873036742210388
make it a zoo or fish tank,positive,positive,0.711249053478241,0.016924651339650154,0.27182623744010925,0.711249053478241
waah!!! so nice app,positive,positive,0.9858468174934387,0.0009700906230136752,0.013183081522583961,0.9858468174934387
why pay that price for tablet use,negative,negative,0.9954278469085693,0.9954278469085693,0.003389764577150345,0.0011823269305750728
good bit doesn't have the choices in search section for type of rooms such as not-smoking or soundproof ones or double-room etc.,positive,neutral,0.9859641790390015,0.0015694706235080957,0.9859641790390015,0.012466316111385822
too slow at times,neutral,neutral,0.9819558262825012,0.004452867899090052,0.9819558262825012,0.013591279275715351
it's very easy to use and all types of format documents easily opened,positive,positive,0.9935206770896912,0.0010494383750483394,0.005429885350167751,0.9935206770896912
can not sign in,negative,negative,0.986781895160675,0.986781895160675,0.0099972328171134,0.0032208736520260572
it makes team communication highly open and accessible,positive,positive,0.993631899356842,0.000827584823127836,0.005540539976209402,0.993631899356842
when message is being sent it takes time to be received,neutral,neutral,0.9909318685531616,0.004505285993218422,0.9909318685531616,0.004562861286103725
pretty accurate for the most part i think,positive,positive,0.9936489462852478,0.0008399790967814624,0.00551110552623868,0.9936489462852478
spark is about the only good thing,neutral,neutral,0.5547115802764893,0.004506323020905256,0.5547115802764893,0.4407820403575897
broke the upload photo feature,negative,negative,0.9952461123466492,0.9952461123466492,0.0034376487601548433,0.0013162046670913696
best app but suggest download stop,positive,positive,0.990128219127655,0.0007334733963944018,0.009138248860836029,0.990128219127655
some hotels are a bit shady,neutral,neutral,0.9922065138816833,0.0026705244090408087,0.9922065138816833,0.005123002454638481
its fun to see you're own emoji !,neutral,positive,0.9799923300743103,0.00039422529516741633,0.019613470882177353,0.9799923300743103
its not so great as i expected it to be,neutral,neutral,0.9859819412231445,0.008697663433849812,0.9859819412231445,0.005320385564118624
keeps going down n the ads r anoying,negative,negative,0.9886553287506104,0.9886553287506104,0.009779354557394981,0.0015652780421078205
it was good enough until i can't change my display picture,negative,neutral,0.9648894667625427,0.0012193832080811262,0.9648894667625427,0.0338912308216095
it's a trial. editing feature not impressive.,positive,negative,0.99528568983078,0.99528568983078,0.003703613067045808,0.0010107527486979961
love it <url> great job <url>,neutral,positive,0.9114573001861572,0.036350592970848083,0.0521920770406723,0.9114573001861572
used to be good,negative,negative,0.946083128452301,0.946083128452301,0.04706129804253578,0.006855527404695749
very good and useful app,positive,positive,0.9819434285163879,0.002384138759225607,0.01567249186336994,0.9819434285163879
"the app will no longer let me delete locations. uninstalled, and reinstalled and they are still there. frustrating.",neutral,negative,0.9954919219017029,0.9954919219017029,0.0035548354499042034,0.0009532804251648486
"buggy, ambigue and less features",negative,neutral,0.9916442036628723,0.0032282392494380474,0.9916442036628723,0.0051274606958031654
"this has helped my productivity a lot. i've only recently started experiencing issues with it. before, the app used to count extra time i went without using my phone even after the <number> min mark. it was really gratifying to see how much longer i was able to last + it contributed to my forest and my overall focus count. but now it isn't doing that? so it kind of discourages me from continuing to work past the sound of the timer even if i feel like i could. if it's possible, please do something about that.",neutral,neutral,0.9361243844032288,0.0010093312012031674,0.9361243844032288,0.0628662258386612
"zooming slow, okay otherwise",neutral,neutral,0.9886326193809509,0.0016868372913450003,0.9886326193809509,0.009680559858679771
"fix zoom in attached images! it doesn't work first <number> seconds the image open, and for gif it doesn't work at all. and is that tat hard to add rotation you've ""planned to add"" a year ago? where's a font size setting or guesture scale sor chat?",neutral,neutral,0.9847016930580139,0.010241571813821793,0.9847016930580139,0.005056731402873993
when will the local adjustments tool be disponible for android users?? hope it's included on the next actualization !!,positive,neutral,0.9920169115066528,0.002718247938901186,0.9920169115066528,0.00526488246396184
just started using it !,positive,negative,0.6338585019111633,0.6338585019111633,0.3342546224594116,0.03188686445355415
so cute. wish it were easier to access via other apps,positive,neutral,0.9870553016662598,0.002760134870186448,0.9870553016662598,0.010184547863900661
really like the way this app has evolved from it's first version. please add android wear notification service asap. its really easy to add and people are badly missing it.,positive,positive,0.5397611856460571,0.005761992186307907,0.4544767737388611,0.5397611856460571
"good on mobile devices ,simply good on move",positive,positive,0.9911810159683228,0.00047640636330470443,0.008342506363987923,0.9911810159683228
need to avoid unwanted ads and also enhance the downloading speed. overall nice app.,positive,neutral,0.9421585202217102,0.0028271947521716356,0.9421585202217102,0.05501430481672287
"i really like this app and is what i go to when i start loosing concentration. i wish there were more stats and plant types, also more beautifully animated and things that change <url>",positive,positive,0.9933595061302185,0.000592221156693995,0.006048247218132019,0.9933595061302185
was <url> now radar broken,negative,negative,0.9953187108039856,0.9953187108039856,0.0032930956222116947,0.0013881826307624578
booking bait and switch,negative,negative,0.9940239787101746,0.9940239787101746,0.004414718598127365,0.0015612671850249171
this seems like it would be cool,negative,positive,0.974486768245697,0.00035776832373812795,0.02515549398958683,0.974486768245697
cannot see my photo's on device,negative,negative,0.9672128558158875,0.9672128558158875,0.029844505712389946,0.002942650578916073
so far so good!! i love it.,positive,positive,0.9800487756729126,0.005188767798244953,0.014762412756681442,0.9800487756729126
"such an intrusive browser, coming from china. it can't be trusted with your online activities. indians, be aware.",negative,negative,0.9957928657531738,0.9957928657531738,0.003100844332948327,0.0011062950361520052
hi i download this app he is the very good app,positive,positive,0.9598995447158813,0.001170705771073699,0.038929738104343414,0.9598995447158813
where is the download process,positive,neutral,0.9495286345481873,0.005237143021076918,0.9495286345481873,0.04523415118455887
brill so easy to use,positive,positive,0.9817970991134644,0.0020126530434936285,0.01619029976427555,0.9817970991134644
the app isn't working on the note <number> . i'll update my review if/when it works.,negative,negative,0.9434840083122253,0.9434840083122253,0.05303160846233368,0.003484328743070364
"""you have cancelled your entire <url> ""???",negative,negative,0.9957493543624878,0.9957493543624878,0.002929248847067356,0.0013214267091825604
it good for local german reports nearly as good as <url>,positive,positive,0.9888990521430969,0.0004100678488612175,0.010690905153751373,0.9888990521430969
does what i need it to,neutral,positive,0.9696992039680481,0.00045543888700194657,0.02984534576535225,0.9696992039680481
it's good for communication,neutral,positive,0.9905968904495239,0.000436571630416438,0.008966578170657158,0.9905968904495239
it sometimes sends the wrong <url>,neutral,neutral,0.9861882328987122,0.0018003208097070456,0.9861882328987122,0.012011419050395489
please add the feature of sharpen and blur,neutral,positive,0.9891399145126343,0.00043882409227080643,0.010421277955174446,0.9891399145126343
notifications aren't working???,positive,negative,0.9715444445610046,0.9715444445610046,0.023323336616158485,0.005132227670401335
lag while zoom in/out,positive,neutral,0.9911513924598694,0.0021717026829719543,0.9911513924598694,0.0066769118420779705
had some slowness issues?,positive,neutral,0.9913895726203918,0.0029633715748786926,0.9913895726203918,0.005647123791277409
awesome app one of the <signature>,positive,positive,0.9918667674064636,0.000863603432662785,0.007269625551998615,0.9918667674064636
it does great and gives accurate weather information,positive,positive,0.9936382174491882,0.0007381559698842466,0.005623577628284693,0.9936382174491882
bogus . there are several aps much useful,negative,neutral,0.8143936991691589,0.001970923040062189,0.8143936991691589,0.1836353987455368
'no notifications' doesn't work.,negative,negative,0.9942947030067444,0.9942947030067444,0.004459071904420853,0.0012462681625038385
great app for managing hotel reservations on the go. it's also nice to earn rewards for frequent stays. i think this is the <signature>,positive,positive,0.9938099980354309,0.000906601722817868,0.005283357575535774,0.9938099980354309
app keeps crashing. unable to open after latest update.,positive,negative,0.9959617257118225,0.9959617257118225,0.0029921934474259615,0.001046119024977088
always update but nothing improve,neutral,neutral,0.9802680015563965,0.006517461966723204,0.9802680015563965,0.013214542530477047
"great concept, poor implementation",neutral,negative,0.9902162551879883,0.9902162551879883,0.007733652368187904,0.002050018170848489
contact picture not show.,negative,neutral,0.5269246101379395,0.3992035984992981,0.5269246101379395,0.07387173920869827
canon cr <number> support please,neutral,neutral,0.7732893228530884,0.051866330206394196,0.7732893228530884,0.17484430968761444
this thing is a trap! it will take your money,negative,negative,0.9954714775085449,0.9954714775085449,0.003269440960139036,0.0012591361301019788
"the icon re-design is a tremendous eye-sore more fit to be the face of a pharmaceutical firm, and they didnt put any extra effort into making the app on any of the platforms, leaving gaps in design. no dark mode, no voip, no collapsing the sidebar on ios or windows. i use it because my friends do.",negative,negative,0.9894793629646301,0.9894793629646301,0.00919135008007288,0.001329367863945663
"just need an option to mute notifications (some of us work different timezones and like sleep), other than that it works pretty well!",positive,positive,0.9933377504348755,0.0005651272367686033,0.006097184959799051,0.9933377504348755
good for net work download,positive,positive,0.979308545589447,0.0008089518523775041,0.019882483407855034,0.979308545589447
i want this feature,positive,positive,0.7907605767250061,0.0024105473421514034,0.20682890713214874,0.7907605767250061
content rating: low maturity,positive,neutral,0.9910926222801208,0.004108132794499397,0.9910926222801208,0.004799223970621824
this application doesn't work in my handphone,negative,negative,0.9945703148841858,0.9945703148841858,0.004076363518834114,0.0013532114680856466
slack chat is good,positive,neutral,0.6082979440689087,0.0023310247343033552,0.6082979440689087,0.38937100768089294
i find the user experience superior to other apps.,positive,positive,0.7716749310493469,0.0009095495915971696,0.2274155169725418,0.7716749310493469
"great app, needs better ui on reviews",neutral,positive,0.7749603390693665,0.0009985503274947405,0.224041149020195,0.7749603390693665
great new camera in-app,positive,positive,0.977719783782959,0.004031625110656023,0.01824856363236904,0.977719783782959
would be <number> <url>,negative,positive,0.5367599129676819,0.006078601349145174,0.45716145634651184,0.5367599129676819
it's a good application,neutral,positive,0.9608998894691467,0.0009428955381736159,0.03815716132521629,0.9608998894691467
"five star service, two star app",negative,positive,0.5167248845100403,0.009214955382049084,0.47406014800071716,0.5167248845100403
everytime my phone went on sleep it killed the tree and became completely pointless because i would've had to tap my phone every <number> seconds to keep it from locking and killing the tree.,negative,negative,0.9957587122917175,0.9957587122917175,0.0029437262564897537,0.0012976067373529077
bbm isnt the <signature>,neutral,negative,0.789044976234436,0.789044976234436,0.2009216696023941,0.01003335602581501
can you please give a little speed more on download,neutral,positive,0.9799679517745972,0.0003346703597344458,0.019697396084666252,0.9799679517745972
need support for .cr <number> format,positive,positive,0.951011061668396,0.0006809395272284746,0.04830804467201233,0.951011061668396
"unecessarily complicated and cumbersome. it's so difficult to create new workspaces and move people from one to another. if you don't have someone's email address memorized, good luck! this app has a long way to go to be truly useful every day. in addition to the above, notifications are a bit of a nightmare. i've missed out on a lot of critical messages because notifications just don't work when they need to. i've run out of room for feedback but i could go <url>",negative,neutral,0.924687922000885,0.07000984251499176,0.924687922000885,0.00530225271359086
i'm surprised hdr is not supported on the huawei nexus <number> p. i realize it is isn't as new as the pixels but it's still a pretty fast phone.,neutral,neutral,0.5062470436096191,0.0011776929022744298,0.5062470436096191,0.4925752580165863
where is the bookmarks?,neutral,neutral,0.9663437604904175,0.025009462609887123,0.9663437604904175,0.008646777831017971
"love this app, developers have been brilliant at fixing bugs and the feedback system is great!",neutral,positive,0.9895692467689514,0.0016812985995784402,0.008749422617256641,0.9895692467689514
i want to give this app <number> <url>,negative,negative,0.9483460187911987,0.9483460187911987,0.04060136526823044,0.011052554473280907
cant even sign in or sign up,negative,negative,0.9959388971328735,0.9959388971328735,0.003048864658921957,0.0010122262174263597
"very nice weather app. would like to see more detail on air quality, pollen, etc",positive,positive,0.9930786490440369,0.0007581232930533588,0.0061632487922906876,0.9930786490440369
simple to use. nice option to search via map,positive,positive,0.9922319650650024,0.00042073341319337487,0.007347289938479662,0.9922319650650024
what a huge step backwards for useability.,negative,negative,0.9684683084487915,0.9684683084487915,0.027871888130903244,0.003659817622974515
it is what it is!,neutral,neutral,0.6078795194625854,0.3100723922252655,0.6078795194625854,0.08204806596040726
"+pinch zoom, +++reflow text, --render speed on scroll, ---should find all pdf including dowloaded by browser, --no search, ---no images in reflow",negative,negative,0.9953293800354004,0.9953293800354004,0.0037166003603488207,0.0009540792088955641
this app keeps killing my tree whenever i off my <url> this is so bad. i ended up kore time restarting the timer.,negative,negative,0.9957081079483032,0.9957081079483032,0.0031880983151495457,0.0011037139920517802
website offers better and more search options.,negative,neutral,0.9905416369438171,0.004827297758311033,0.9905416369438171,0.004631002899259329
i love this browser,positive,positive,0.5833243131637573,0.26551979780197144,0.15115588903427124,0.5833243131637573
not always perfectly accurate. i like the hourly forecast.,positive,neutral,0.8959149122238159,0.0018739205552265048,0.8959149122238159,0.1022111251950264
mobile notifications not working,neutral,negative,0.9818410277366638,0.9818410277366638,0.014828169718384743,0.003330827224999666
cannot unlock password protected ebooks. can't even interact with links or buttons. worthless for password protected ebooks.,negative,negative,0.9959573149681091,0.9959573149681091,0.0030504290480166674,0.0009922375902533531
this app is an nice good for everything i need but they are problems u must fix,positive,positive,0.9799405932426453,0.0007053438457660377,0.019354043528437614,0.9799405932426453
getting worse than before,neutral,negative,0.927969217300415,0.927969217300415,0.06712598353624344,0.004904808010905981
it's easier and efficient,positive,positive,0.9885821342468262,0.0006789495819248259,0.0107388561591506,0.9885821342468262
"what the mobile developers do not understand is: do not ever ever change the application icon! the icon shape and color are used to quickly identify an app between other dozen apps. that's how the brain works! moreover, an update only for the app icon? where is the video recording option? i use slack daily (it's the main chat / video conferencing solution where i work) and you can simply cannot record meetings!",negative,neutral,0.968960165977478,0.02683105692267418,0.968960165977478,0.004208756145089865
"cute and accurate, but no long hair",neutral,positive,0.8864014148712158,0.004604803863912821,0.10899379104375839,0.8864014148712158
used to work. not anymore,negative,negative,0.9929706454277039,0.9929706454277039,0.005360619630664587,0.0016687773168087006
an outstanding way of communication with the team.,positive,positive,0.9934787750244141,0.0009789519244804978,0.005542207043617964,0.9934787750244141
internet is better than this because,neutral,positive,0.8438031077384949,0.0039040041156113148,0.152292862534523,0.8438031077384949
"sucks. force close, pdf never opens. htc hero.",negative,negative,0.9959315657615662,0.9959315657615662,0.0029462261591106653,0.001122202374972403
"i like it just wish tht we had more choices for the avatar and the body shapes were more womenly, besides that i think it's great!",neutral,positive,0.9937699437141418,0.0007186319562606514,0.005511390045285225,0.9937699437141418
was great when it worked,negative,negative,0.9207215309143066,0.9207215309143066,0.0709378644824028,0.00834065955132246
update has ruined functionality. now difficult to search rooms for <number> people etc. terrible terrible terrible!,negative,negative,0.995739221572876,0.995739221572876,0.0030526912305504084,0.001208172645419836
would like it better if you could use this app in fb <url>,neutral,neutral,0.857881486415863,0.0013509844429790974,0.857881486415863,0.14076757431030273
great app with potential.,positive,positive,0.9908668994903564,0.0009412943036295474,0.008191739208996296,0.9908668994903564
handles small pdf files really well. needs bookmarks.,neutral,neutral,0.9885671138763428,0.001345704309642315,0.9885671138763428,0.010087172500789165
why not a mobile web version ??!!?!,negative,negative,0.9927923679351807,0.9927923679351807,0.00569672929123044,0.001510866335593164
"i love this app, the ui is nice and smooth, no bugs what-so-ever, and it knows when i press the home button and enter another app. (turn on advanced something in the settings) looks very smooth, and it works as it should! the problem is, i can't lock my phone without killing the tree, and it wastes the battery. that's pretty much my only complaint! (i'm fairly new to the app, and i heard that when your forest gets full, that you can't put in anymore trees. if so, please let the forest expand as well.)",positive,positive,0.9789090156555176,0.00042676448356360197,0.020664261654019356,0.9789090156555176
i was addicted to game and other stuff my personal work ratio was too down and this app really help <url> !,positive,neutral,0.9606441855430603,0.02652605064213276,0.9606441855430603,0.012829730287194252
stuck in update mode,negative,neutral,0.5218842029571533,0.4642751216888428,0.5218842029571533,0.013840712606906891
while downloading music it goes to play store .,neutral,negative,0.9747422933578491,0.9747422933578491,0.02321372926235199,0.0020439638756215572
can't append it to sd card when updated in htc wildfire,negative,neutral,0.9486721754074097,0.04516248777508736,0.9486721754074097,0.006165314000099897
free emoticons are <url> good,neutral,positive,0.9848278760910034,0.000445179088274017,0.014726968482136726,0.9848278760910034
"i could plant the tree while watching youtube , no different than clash of clans",negative,neutral,0.9890186786651611,0.005868124309927225,0.9890186786651611,0.0051132384687662125
bbm cant connect properly,negative,negative,0.9855586290359497,0.9855586290359497,0.012206807732582092,0.0022345525212585926
"it would be cooler if you could mix and match the pants, shoes, shirts, jackets, etc. instead of having to choose from predetermined outfits. i want to make my own outfit!",positive,positive,0.9874639511108398,0.0005851053865626454,0.011950946412980556,0.9874639511108398
"works fine, too many ads",positive,positive,0.7304200530052185,0.005858755204826593,0.26372113823890686,0.7304200530052185
they okay good on the <number> day forecast.!,neutral,neutral,0.9661267399787903,0.000883154571056366,0.9661267399787903,0.032990097999572754
"when it works, it's good. but far too many crashes on my galaxy tab s <number> .",neutral,neutral,0.907884955406189,0.0015990451211109757,0.907884955406189,0.09051603078842163
terrible it now no longer works the way it used to. it was the <signature>,negative,negative,0.9960891008377075,0.9960891008377075,0.0028674507047981024,0.0010435136500746012
push notifications not reliable,positive,neutral,0.9869928359985352,0.0063973236829042435,0.9869928359985352,0.006609782110899687
went out and can't access it ny more. what happened. says i have <number> go thru fb or my email and i have <number> sign up and in wen i've been using it <number> the past <number> months. what happened!,neutral,negative,0.9954211115837097,0.9954211115837097,0.003518585814163089,0.0010602726833894849
to set a profile picture is very frustrating as the current set up/method cuts out most of the picture. this really should be adjusted.,neutral,neutral,0.9910457730293274,0.002482086420059204,0.9910457730293274,0.006472165696322918
i liked <url> this is very useful,positive,positive,0.9665120244026184,0.003466963768005371,0.03002098761498928,0.9665120244026184
if your not using this to book your loosing out,neutral,negative,0.9940181970596313,0.9940181970596313,0.00450650742277503,0.0014752642018720508
"the app keeps asking me to rate it despite me constantly telling it ""no"" so i'm rating it <number> star out of spite and partially because they don't actually follow the choices they give you.",negative,neutral,0.9768667817115784,0.018918756395578384,0.9768667817115784,0.004214469809085131
"uc browser is a fantastic browser application. the team behind the creation of this application have all done a wonderful job. keep it up as you continue to improve upon this great application. however, i wish to suggest that option to be able to send applications in speed mode { facebook, twitter etc} to phone desktop/home screen be incorporated into this application. secondly, make it possible to be able to select and set desired audio file as alert tones for applications like facebook etc. we therefore look forward to seeing these options in your next update sir. <signature>",neutral,positive,0.9411410093307495,0.0003989012911915779,0.05846012383699417,0.9411410093307495
"battery drain, battery drain, battery drain",negative,negative,0.9935000538825989,0.9935000538825989,0.005086234305053949,0.0014136488316580653
won't open raw files,negative,negative,0.9861138463020325,0.9861138463020325,0.009682564064860344,0.004203660413622856
force closes on samsung moment w/android v <number> . <number>,negative,neutral,0.8829634189605713,0.07974011451005936,0.8829634189605713,0.03729648143053055
not as good as desktop app .too slow while navigaring to different channels amd personal chats.,neutral,neutral,0.9921099543571472,0.0034675339702516794,0.9921099543571472,0.00442255474627018
weather is nice and shows precipitation also,positive,positive,0.9818812012672424,0.0004261976573616266,0.017692573368549347,0.9818812012672424
"won't let me add locations, other than that, works well.",neutral,neutral,0.9833765625953674,0.005588985979557037,0.9833765625953674,0.011034524999558926
note <number> <url> of nov <number> th.,negative,neutral,0.5464522242546082,0.08794111758470535,0.5464522242546082,0.3656066656112671
rooms sold not always available,neutral,negative,0.9742042422294617,0.9742042422294617,0.020892255008220673,0.004903383087366819
please add a feature!,neutral,positive,0.9868645071983337,0.00044345989590510726,0.012692048214375973,0.9868645071983337
so many ads r coming i hate this app,negative,negative,0.9960009455680847,0.9960009455680847,0.0029283850453794003,0.0010705837048590183
it does what it's supposed to.,positive,neutral,0.9725626707077026,0.021601002663373947,0.9725626707077026,0.00583632430061698
it really sucks that disabling wysisyg in the settings does not work. i want my input freedom.,negative,neutral,0.9416060447692871,0.053539883345365524,0.9416060447692871,0.004854028578847647
it's a decent app,positive,neutral,0.9475891590118408,0.04591568186879158,0.9475891590118408,0.006495162844657898
have issue on redmi note <number>,neutral,neutral,0.831098735332489,0.0934721976518631,0.831098735332489,0.07542906701564789
"i would give it <number> , but it keeps stopping when converting text to pdf",positive,neutral,0.9755722284317017,0.0012560393661260605,0.9755722284317017,0.02317177690565586
very good for me,positive,positive,0.9580932855606079,0.0022276260424405336,0.03967907652258873,0.9580932855606079
"app whitelisting doesn't work, everything works fine when whitelisting is turned off (tree withers when i exit the app) but when it's on, i can access any app without the tree dying, not just the whitelisted ones. i've also turned on the advanced detection mode, does not help.",neutral,neutral,0.9893607497215271,0.0028182193636894226,0.9893607497215271,0.00782104767858982
"this ""use"" to be the greatest weather app right up until <url> latest update froze radar animation and i don't get alerts until i open the app. deleting and going to find a better app.",negative,negative,0.9956947565078735,0.9956947565078735,0.0031233488116413355,0.0011818158673122525
"it does its job, but asking each time to rate the app is infuriating",neutral,neutral,0.9774268865585327,0.0010861483169719577,0.9774268865585327,0.021486906334757805
my weatherbug now tells me im <number> towns away. reported <url> they told me i was dumb basically.,negative,negative,0.9956772923469543,0.9956772923469543,0.003307720646262169,0.0010149884037673473
crude humor supports the deteriorating morals of society. not acceptable,negative,neutral,0.8109948635101318,0.18353191018104553,0.8109948635101318,0.005473259370774031
after installed the browser <url> phone will hang and some unwanted program to be automatically <url> will affect on <url>,negative,negative,0.99598628282547,0.99598628282547,0.0030076764523983,0.0010060465428978205
some update or something makes this wonderful app crash. please remedy the issue!!!,neutral,neutral,0.9862878322601318,0.002137217903509736,0.9862878322601318,0.011574855074286461
love it but easy on the ads pls,positive,positive,0.9888898134231567,0.001305114827118814,0.00980509351938963,0.9888898134231567
"for all those whose trees are not withering, turn off whitelist mode",neutral,positive,0.9852670431137085,0.0011628312058746815,0.013570062816143036,0.9852670431137085
"i really enjoy this app, it's been quite helpful. however, though it counts the time you exceed the preset goal you don't get any extra trees/bushes. this means that i sometimes go over my time focus goal, but only see one lonely tree for my efforts. good bit of a bummer. otherwise, love the app.",positive,positive,0.9924317598342896,0.0007954086759127676,0.006772864609956741,0.9924317598342896
not as accurate at weather channel but i like that i can choose the radar location.,positive,positive,0.9566920399665833,0.0005707574891857803,0.04273715987801552,0.9566920399665833
i prefer the blackberry version to the android version. or maybe i've not discovered all the tricks here.,neutral,neutral,0.7434178590774536,0.0026702466420829296,0.7434178590774536,0.2539118528366089
great! so much potential!,positive,positive,0.9904610514640808,0.0014021688839420676,0.008136803284287453,0.9904610514640808
can't use bbm after update,negative,neutral,0.7750239968299866,0.2131659835577011,0.7750239968299866,0.011809991672635078
on getting the latest update the app stopped working all of a sudden. i use samsung galaxy s <number> . please see what has gone wrong. i tried reinstalling the app too. didn't work.,negative,negative,0.9952210783958435,0.9952210783958435,0.003561529563739896,0.0012173745781183243
very very slow even on nexus one,negative,negative,0.987695574760437,0.987695574760437,0.010769547894597054,0.001534836832433939
like the old version better,positive,positive,0.8836415410041809,0.004324695561081171,0.11203377693891525,0.8836415410041809
stop asking me to rate every time i launch the app.,negative,negative,0.9217451214790344,0.9217451214790344,0.07533449679613113,0.002920437604188919
lots of force closes on galaxy s.,negative,negative,0.9720824956893921,0.9720824956893921,0.025308828800916672,0.0026086680591106415
needs more of the core lightroom features,neutral,positive,0.9576492309570312,0.0005658032023347914,0.04178493097424507,0.9576492309570312
"great app, just a few things that need addressed. i can no longer ""purchase"" additional trees and i have the $. it says forbidden after taking a while to load. i've uninstalled and reinstalled, running on the most current app and android os <number> . <number> , droid turbo <number> .",neutral,neutral,0.8944840431213379,0.0474393367767334,0.8944840431213379,0.05807670205831528
please add live radar widget!,positive,negative,0.9374487400054932,0.9374487400054932,0.05984821543097496,0.00270306714810431
can't quickly link to specific page or bookmark. sucks. quick office is much better for reading pdfs.,negative,negative,0.9895958304405212,0.9895958304405212,0.009212741628289223,0.001191412564367056
it dose not let you do anything,negative,negative,0.9809802174568176,0.9809802174568176,0.01601163111627102,0.0030082524754107
hourly doesn't match the <number> day,neutral,negative,0.9337983131408691,0.9337983131408691,0.061225999146699905,0.0049756490625441074
it's a good app,positive,positive,0.9236811399459839,0.0009021915029734373,0.07541666179895401,0.9236811399459839
good app edit picture,positive,neutral,0.9567583799362183,0.0013228048337623477,0.9567583799362183,0.0419187918305397
can't bookmark the page! it's hard to read an e-book and remember the page number. i will delete.,negative,neutral,0.5501599907875061,0.44385337829589844,0.5501599907875061,0.005986622069031
use for fast download,positive,positive,0.9888496994972229,0.0006918942672200501,0.010458402335643768,0.9888496994972229
used to be the <signature>,negative,negative,0.8268569707870483,0.8268569707870483,0.1566748470067978,0.016468098387122154
better than most. quick and easy,positive,positive,0.9924225211143494,0.0006331895710900426,0.006944286171346903,0.9924225211143494
"not fast in sending and receiving messages, the app needs to be worked on.",negative,negative,0.9931684732437134,0.9931684732437134,0.005788734648376703,0.0010427981615066528
local adjustment not appearing,positive,neutral,0.9870463609695435,0.002381980186328292,0.9870463609695435,0.010571575723588467
used to be great,negative,negative,0.9678658843040466,0.9678658843040466,0.02677048370242119,0.005363604053854942
just got it <url> fingers crossed,neutral,neutral,0.7919982671737671,0.06938394904136658,0.7919982671737671,0.13861776888370514
best pic editing <url>,positive,positive,0.9907637238502502,0.0009357036906294525,0.008300540037453175,0.9907637238502502
no bookmark or jump page. doesnt remember where i was when closed,negative,negative,0.9932878613471985,0.9932878613471985,0.005608910694718361,0.0011031911708414555
"good. only complaint is that sometimes the location on my lock screen is not my current location, but a random one from my saved places.",positive,positive,0.9837781190872192,0.00033198457094840705,0.01588992215692997,0.9837781190872192
for the older version,neutral,negative,0.49612173438072205,0.49612173438072205,0.4579326808452606,0.045945510268211365
"this app is pretty good, but i wish i could use this in my normal keyboard and i hope that it will be animated and have a transparent background",positive,positive,0.9867623448371887,0.0003404544258955866,0.012897193431854248,0.9867623448371887
it's very accurate and good,positive,positive,0.9889590740203857,0.000844004622194916,0.010196889750659466,0.9889590740203857
loved it till i got a new phone,negative,negative,0.6241627931594849,0.6241627931594849,0.34909680485725403,0.026740415021777153
works ok but crashes when i rotate my archos <number> .,neutral,neutral,0.9877517223358154,0.0018749480368569493,0.9877517223358154,0.010373388417065144
bloats <number> megs needs to be movable to <url>,negative,negative,0.9871565103530884,0.9871565103530884,0.011073998175561428,0.0017695861170068383
shares the way it wants without permission,negative,negative,0.4980182945728302,0.4980182945728302,0.47426795959472656,0.02771373838186264
external storage for cache,neutral,neutral,0.9896893501281738,0.005403983872383833,0.9896893501281738,0.004906630143523216
the radar map is practically useless now,negative,negative,0.995880126953125,0.995880126953125,0.0029800536576658487,0.0011398384813219309
will not select the correct current location.,negative,neutral,0.959458589553833,0.03417550399899483,0.959458589553833,0.0063659013248980045
cant edit my avatar and cant log in!!,negative,negative,0.9931218028068542,0.9931218028068542,0.005851014517247677,0.001027169986627996
this is worse than what we call pathetic when it comes to mobile app.,negative,negative,0.9913049936294556,0.9913049936294556,0.007429063785821199,0.0012660151114687324
updated to make it worst,negative,negative,0.9909238219261169,0.9909238219261169,0.006555764004588127,0.002520425710827112
the trees do not die when i leave the app which is what the app was supposed to do should i have left the app to use other apps like ig or youtube,negative,negative,0.9729593992233276,0.9729593992233276,0.02435160242021084,0.0026889988221228123
new version is a major step back,negative,neutral,0.5972719192504883,0.2553543150424957,0.5972719192504883,0.14737370610237122
awesome and secure app,positive,positive,0.9776486754417419,0.0019534463062882423,0.02039784938097,0.9776486754417419
awful app. really awful.,negative,negative,0.9954082369804382,0.9954082369804382,0.0033137944992631674,0.0012779532698914409
would rate <number> <url>,negative,neutral,0.889565110206604,0.0028187911957502365,0.889565110206604,0.1076161339879036
"makes an incredibly annoying and loud clicking sound through the speakers whenever you take a photo, with no ability to disable it.",neutral,neutral,0.9837263226509094,0.011403519660234451,0.9837263226509094,0.0048701465129852295
it's nice but some problems r there,neutral,neutral,0.8080373406410217,0.0008302417118102312,0.8080373406410217,0.19113241136074066
have used it for years,positive,positive,0.9931586384773254,0.0008102689171209931,0.006031108554452658,0.9931586384773254
hope it supports split screen,positive,negative,0.8829950094223022,0.8829950094223022,0.10040773451328278,0.016597313806414604
good app to <url> i alwayz prefer uc browser to <url>,positive,neutral,0.9558598399162292,0.0016179310623556376,0.9558598399162292,0.042522162199020386
some issues but otherwise excellent,positive,positive,0.9768313765525818,0.0007362982723861933,0.02243233285844326,0.9768313765525818
"this app is great, allows you to edit raw files, and almost has all the same options as a desktop/laptop version. the only thing i would really love to see is a brush setting, really all it needs for <number> stars in my books!",positive,positive,0.9936250448226929,0.0006719616358168423,0.0057029323652386665,0.9936250448226929
basic stuff done well,neutral,neutral,0.6876963973045349,0.0414094440639019,0.6876963973045349,0.2708941400051117
unfriendly to free users,negative,negative,0.995281994342804,0.995281994342804,0.0034782325383275747,0.0012397628743201494
crashed my phone twice in a row doing nothing more then trying to read a <url>,negative,negative,0.9943998456001282,0.9943998456001282,0.004533826839178801,0.0010663408320397139
has become unreliable and very inaccurate. loved it and now will get rid of because of terrible forecasts.,negative,negative,0.9943976402282715,0.9943976402282715,0.0046799867413938046,0.0009223349625244737
still no group contacts like old bbm,negative,neutral,0.9847655296325684,0.003946834243834019,0.9847655296325684,0.011287559755146503
"slow loading, double notifications",neutral,negative,0.9754637479782104,0.9754637479782104,0.022501645609736443,0.0020345780067145824
i love this app but sometimes it is really lagging.,positive,neutral,0.9914489388465881,0.0026149237528443336,0.9914489388465881,0.005936098285019398
freezes when opening pdfs. useless. root droid <number> . <number>,negative,negative,0.9954368472099304,0.9954368472099304,0.003502205014228821,0.0010609711753204465
"really nice app ,with grt way to analyse yr productivity",positive,positive,0.9924163818359375,0.00046867947094142437,0.0071149240247905254,0.9924163818359375
great but one major problem,positive,positive,0.8190364837646484,0.03718501701951027,0.1437785029411316,0.8190364837646484
this program needs to be able to jump to specific pages in the pdf. i have a <number> page set of blueprints in need to access multiple times daily. fix,negative,neutral,0.853641927242279,0.14018602669239044,0.853641927242279,0.0061720279045403
something went wrong before i could access this app. immediately <url> viruses needed.,negative,negative,0.9958727955818176,0.9958727955818176,0.0030621211044490337,0.0010651014745235443
last update problem when search number adults,negative,neutral,0.4844401776790619,0.06102829799056053,0.4844401776790619,0.4545314908027649
very good app very easy,positive,positive,0.9859057664871216,0.0013021709164604545,0.012792005203664303,0.9859057664871216
it's good app and doesn't contain virus,positive,neutral,0.809441089630127,0.0015381680568680167,0.809441089630127,0.18902075290679932
please add widgets for slack,positive,neutral,0.9915112853050232,0.0030931332148611546,0.9915112853050232,0.005395564250648022
add hdr support for htc <number> please!,neutral,positive,0.7672991752624512,0.0011393364984542131,0.23156145215034485,0.7672991752624512
"suddenly it's killing all my trees it's was working perfectly, but now i keep getting a ""unknown app'",negative,neutral,0.9916548728942871,0.00284119276329875,0.9916548728942871,0.005503941792994738
well <url> you need access to my files and my camera ? looks like an insecure joke. i 'll install once we are back to serious.,negative,neutral,0.9877896308898926,0.004039782099425793,0.9877896308898926,0.008170528337359428
this app is <url> not as expected,negative,neutral,0.648195743560791,0.3417578637599945,0.648195743560791,0.010046358220279217
please add remind me option,neutral,positive,0.9929108023643494,0.0005018429365009069,0.00658738799393177,0.9929108023643494
"original user interface, very usable.",positive,neutral,0.982880175113678,0.00564323365688324,0.982880175113678,0.011476593092083931
i use this site for booking over night stays when going on holiday. good hotel and great staff.,positive,positive,0.9934858679771423,0.0006938677397556603,0.005820317659527063,0.9934858679771423
can't access my account,negative,negative,0.9950283169746399,0.9950283169746399,0.003553674789145589,0.0014180279104039073
very useful to find non-chain hotels--saving lots of money when all you need is a clean room and a servicable bed.,positive,neutral,0.9850242137908936,0.0015462141018360853,0.9850242137908936,0.013429585844278336
"love it, something for almost every occasion!",positive,positive,0.9883847236633301,0.0031935081351548433,0.008421744219958782,0.9883847236633301
doesn't format text correctly,neutral,neutral,0.9529399871826172,0.03249005973339081,0.9529399871826172,0.014569897204637527
"despite all these new pdf readers, this app provides very good benefits",positive,positive,0.9924615025520325,0.0007402218761853874,0.006798286456614733,0.9924615025520325
love it but hate it,neutral,negative,0.8650479912757874,0.8650479912757874,0.1297634243965149,0.005188614595681429
great application. efficient way to browse and book accommodation.,neutral,positive,0.9935623407363892,0.0009281460079364479,0.005509547423571348,0.9935623407363892
great mutch eadier than website. quick and convenient,positive,positive,0.9925699830055237,0.0006866506882943213,0.006743404548615217,0.9925699830055237
excellent. not needing any permissions is cool.,neutral,positive,0.9826265573501587,0.00038554859929718077,0.01698797196149826,0.9826265573501587
"works pretty good, nice to finally have this on android.",positive,positive,0.9934585690498352,0.0005465522408485413,0.005994879174977541,0.9934585690498352
to boring and to many adds,negative,neutral,0.8591472506523132,0.13513314723968506,0.8591472506523132,0.00571956392377615
reply from notification and remove bbm channels,neutral,neutral,0.9712056517601013,0.006185648497194052,0.9712056517601013,0.022608812898397446
love the app but current temperature doesn't stay in the notification bar even though i have it set to go the settings. please fix. i have to constantly open the app for current temp.,positive,positive,0.7903642654418945,0.012603898532688618,0.19703182578086853,0.7903642654418945
i like it . works great,neutral,positive,0.9778311252593994,0.004127608146518469,0.018041305243968964,0.9778311252593994
it's good for documents viewings and managing.,positive,positive,0.9922055602073669,0.0005454510101117194,0.007249016314744949,0.9922055602073669
it's good but not too much <url> it's working well,positive,positive,0.9648476243019104,0.0005191826494410634,0.034633174538612366,0.9648476243019104
pic porn on ads,negative,negative,0.978367030620575,0.978367030620575,0.018294524401426315,0.0033384414855390787
dope! i wish there was a batch deletion feature.,positive,neutral,0.955670177936554,0.0014873959589749575,0.955670177936554,0.042842425405979156
"worked great for years but now it double posts everything i send on my chromebook. love it on every other <url> iphone, mac. i hope this is fixed in the next <url> !",neutral,positive,0.9876317381858826,0.002346710069105029,0.010021575726568699,0.9876317381858826
"sering error, but it's fine. still working",positive,positive,0.9223844408988953,0.0005333382287062705,0.07708222419023514,0.9223844408988953
full of bugs. i can claim the reward but my coins doesn't increase at all????,negative,negative,0.9957656860351562,0.9957656860351562,0.0029164128936827183,0.0013179020024836063
reliable when signal is good,positive,positive,0.5297470688819885,0.0021604651119560003,0.46809253096580505,0.5297470688819885
love it and hate it.,neutral,negative,0.9824323654174805,0.9824323654174805,0.014162732288241386,0.003404913004487753
would be good if you could delete after finished!,neutral,positive,0.6902841925621033,0.0008252434199675918,0.30889058113098145,0.6902841925621033
works for me. only one i ever use.,positive,positive,0.986687183380127,0.0015358016826212406,0.01177707314491272,0.986687183380127
error <url> do not work. i'm having <number> . <number> . <number> <url> still not working .,negative,negative,0.9955868721008301,0.9955868721008301,0.003111605066806078,0.0013014486758038402
it is very good but it needs more options on the facial features and the body motifications,positive,positive,0.9868970513343811,0.00038374430732801557,0.012719269841909409,0.9868970513343811
takes up <number> percent of the <url> saves everything u <url> good for a <url> have motorola droid.,negative,neutral,0.9912870526313782,0.0027749580331146717,0.9912870526313782,0.005937982350587845
nice <url> was using this <url> information for news and latest updates,neutral,positive,0.9918820261955261,0.00048237008741125464,0.007635657675564289,0.9918820261955261
"the whitelist doesn't <url> no matter what i do, my tree dies.",neutral,negative,0.9712128043174744,0.9712128043174744,0.02218213863670826,0.006604986730962992
"good app, but lacking android wear (and thus pebble) support. i prefer google hangouts to slack because of this missing functionality.",neutral,neutral,0.9341509342193604,0.0033179332967847586,0.9341509342193604,0.06253106892108917
great but too much phone access,neutral,positive,0.8831827044487,0.021160269156098366,0.09565706551074982,0.8831827044487
if you can't offer better pricing you're useless,negative,negative,0.9954379200935364,0.9954379200935364,0.0031921546906232834,0.001369935693219304
seriously your ad blocker never works everytime i go to movies site pop up ads pop ups every second very irritating don't <url> u will never get good surfing experience,negative,negative,0.9946375489234924,0.9946375489234924,0.00423774216324091,0.0011248089140281081
minimize category and bbm group user friendly,positive,positive,0.9927132725715637,0.0007103290990926325,0.006576343439519405,0.9927132725715637
it doesn't save the last page you were on. it's annoying.,neutral,negative,0.9495021104812622,0.9495021104812622,0.045609891414642334,0.004887939430773258
please add something which shows you how long you've worked for each day and maybe a graph for comparing different working times,neutral,positive,0.9882539510726929,0.0006204760284163058,0.011125561781227589,0.9882539510726929
not bad better than other,positive,positive,0.8792136907577515,0.001097292173653841,0.11968904733657837,0.8792136907577515
i like the radar and spark. i work outside so that helps. the temp though? <url> but i guess that's what you get when trying to predict the actions of the most volatile woman in existence. mother nature of course.,neutral,neutral,0.9659557342529297,0.00232123676687479,0.9659557342529297,0.03172307834029198
why it is asking to download uc browser when i am going to download song and i don't want to download uc browser,negative,negative,0.9918083548545837,0.9918083548545837,0.006768422666937113,0.001423137029632926
"awesome app!! it helps me a <url> i think it will be better if it had a <url> like we can time when it will start <url> sometimes i like to use my phone a lot. like before bed or using my phone at <url> smting like that. if you had the timer, we can set our work time so we would not play phones at certain <url> but still this app is great!!",positive,positive,0.9936307072639465,0.0006184438243508339,0.005750848911702633,0.9936307072639465
good app but <url>,neutral,positive,0.51908940076828,0.003975260071456432,0.47693535685539246,0.51908940076828
does the job it aims to do,neutral,positive,0.9926579594612122,0.0008002856629900634,0.00654174666851759,0.9926579594612122
ridiculous. why the hell i cannot move it to memory card?,negative,negative,0.9957196116447449,0.9957196116447449,0.003180614672601223,0.0010997396893799305
download error problem network gone after network connected again donwload doesn't resume,neutral,negative,0.9951063394546509,0.9951063394546509,0.0034098532050848007,0.001483718166127801
"i would give this app more stars if it weren't for the inability to get an overview of the total number of hours sunk into each tag rather than just a percentage, extend the amount of time you want on the fly and to filter by multiple tags vs either only one or all at the moment.",neutral,positive,0.9091652631759644,0.0005655882996506989,0.09026910364627838,0.9091652631759644
"its cool, i love it",neutral,positive,0.7533172369003296,0.08379487693309784,0.1628878116607666,0.7533172369003296
warning. bad apps. this apps cheat ur money on cancelation,negative,negative,0.9958111047744751,0.9958111047744751,0.0030763307586312294,0.0011125917080789804
please fix!! then <number> stars,negative,neutral,0.8803083300590515,0.03306189551949501,0.8803083300590515,0.08662974089384079
it's ok this apps,positive,neutral,0.9843797087669373,0.0012932004174217582,0.9843797087669373,0.01432711910456419
please add support for links inside pdf! great app but i really miss that feature!!,neutral,positive,0.9937483072280884,0.000943940132856369,0.0053077214397490025,0.9937483072280884
weatherbug was better <number> years back than it is now. i do not like the last few updates. the maps not as good especially showing cloud cover with storms or without. the layers is really sib par from the way it was. now for the last <number> days its shutting down for no reason,neutral,neutral,0.7864139676094055,0.20558470487594604,0.7864139676094055,0.008001324720680714
uc helpful but it's have many bad <url>,positive,neutral,0.9865546226501465,0.0019230404868721962,0.9865546226501465,0.011522425338625908
it tells me what i need to know,positive,positive,0.9885860085487366,0.0004702536098193377,0.010943703353404999,0.9885860085487366
addicted to phone? this is the app,positive,positive,0.6499759554862976,0.04410130903124809,0.3059227764606476,0.6499759554862976
works well but beware the enormous memory use for data. if this could be stored on sd card then i would give <number> stars. as it is may have to uninstall.,neutral,neutral,0.9856864809989929,0.001419039792381227,0.9856864809989929,0.01289439108222723
nice app for viewing documents!!! have been using it since many years!,positive,positive,0.9936814308166504,0.0007338041323237121,0.005584761034697294,0.9936814308166504
doesn't have a logout option,positive,neutral,0.9326587319374084,0.05023186281323433,0.9326587319374084,0.017109444364905357
enlarge capacity for sending video,neutral,neutral,0.9887942671775818,0.002353958087041974,0.9887942671775818,0.008851786144077778
"it needs to have color, hairstyles and have character friends we pick on the lists to be in emojis too. plus can we have clothes come from video games and movies. plz",positive,positive,0.988602876663208,0.0005745305679738522,0.010822534561157227,0.988602876663208
excellent considering all i want is pdf reader. but confused why such a basic thing like bookmarks is missing! the page nav good but never accurate,neutral,neutral,0.9694030284881592,0.0016999125946313143,0.9694030284881592,0.028897076845169067
very funny! it crashes in my s <number> edge+,negative,neutral,0.9760591983795166,0.005668659694492817,0.9760591983795166,0.01827212981879711
cant book in alantic city nj,negative,negative,0.9235730171203613,0.9235730171203613,0.07135116308927536,0.0050757871940732
learnt about it hope it is going to be <url>,neutral,neutral,0.891323447227478,0.030896270647644997,0.891323447227478,0.07778029143810272
i think it is cool because you can use it for anything and could make stories etc.,positive,positive,0.9848692417144775,0.0005474627250805497,0.014583268202841282,0.9848692417144775
"so powerful, yet so limited.",neutral,neutral,0.9793582558631897,0.015073241665959358,0.9793582558631897,0.005568487569689751
i really like this app. have a lot of fun with it when i send text messages. haven't had any problems with it.,neutral,positive,0.9834023714065552,0.0011678197188302875,0.015429818071424961,0.9834023714065552
new icon is really lame. looks like google <url> hahaha. binit,negative,negative,0.9939040541648865,0.9939040541648865,0.004903858993202448,0.001192003022879362
easy and convenient to use,positive,positive,0.9537723660469055,0.0032815078739076853,0.04294619336724281,0.9537723660469055
holy data <url> people please!,negative,neutral,0.5561577677726746,0.30793464183807373,0.5561577677726746,0.1359076052904129
screw you slack for arbitrarily forcing everyone on mobile to download this utterly superfluous client while your services run well in browser.,negative,negative,0.9957488775253296,0.9957488775253296,0.003171548480167985,0.0010795947164297104
sometime. . force close hard launch,neutral,neutral,0.9826441407203674,0.0026017592754215,0.9826441407203674,0.014754091389477253
"slow, and hang when zoom",negative,neutral,0.983691930770874,0.012111901305615902,0.983691930770874,0.00419623451307416
"the app is really good. i find it really fun but i suggest that you guys add piercings, birthmarks, beauty marks and things like that, maybe even allow more then two bitmoji characters. other than that, the app is really good",positive,positive,0.9936245679855347,0.000949900655541569,0.005425512790679932,0.9936245679855347
"would pay extra to get the ads to go away. otherwise, very good.",neutral,positive,0.9666774272918701,0.0003631490981206298,0.03295949846506119,0.9666774272918701
beware making fool and cheating beware,negative,negative,0.9957625269889832,0.9957625269889832,0.0030895003583282232,0.0011480305111035705
what happened to the paid version?,negative,negative,0.9957391023635864,0.9957391023635864,0.0032456577755510807,0.0010152992326766253
good <number> st version - htc one m <number>,positive,neutral,0.49943166971206665,0.004697402939200401,0.49943166971206665,0.4958709180355072
great app use it to store music in,positive,positive,0.9933270215988159,0.0010156206553801894,0.00565738370642066,0.9933270215988159
"could use a bit of <url> other than that, great concept and idea!",neutral,positive,0.9898205995559692,0.0004924958338961005,0.009686898440122604,0.9898205995559692
more customizable than the other guy but not as complete as i'd like,positive,neutral,0.7288190126419067,0.0018403669819235802,0.7288190126419067,0.2693406641483307
"i always like this app since i used my old curve. but the ads kill me, hahahaha.",positive,neutral,0.6990434527397156,0.010457903146743774,0.6990434527397156,0.2904987037181854
"what a crappy app. rim can do much betta than this. wanted to give it a zero star but that option ain't available, i wonder why.",negative,negative,0.9921114444732666,0.9921114444732666,0.006754143629223108,0.0011344534577801824
it's a good app . it saved my mobile from getting virus into my mobile,positive,positive,0.8347320556640625,0.0018774368800222874,0.16339047253131866,0.8347320556640625
it's really nice !!!,neutral,positive,0.9864473342895508,0.0006234330357983708,0.012929227203130722,0.9864473342895508
"the prices are super high. like,the great <url> a billionaire could pay, but they would be poor afterwards. don't use!",negative,negative,0.9951897859573364,0.9951897859573364,0.0037118042819201946,0.0010983964893966913
"great local forecast, maybe because i live near their headquarters. it works great when i travels as well.",positive,positive,0.993813157081604,0.0008292511920444667,0.005357570480555296,0.993813157081604
not very compatible with pomodoro technique,neutral,neutral,0.9812280535697937,0.014607781544327736,0.9812280535697937,0.004164166282862425
very useful and reliable app. documents are available offline which i find very convenient,positive,positive,0.9937124848365784,0.0008312741410918534,0.005456182174384594,0.9937124848365784
too many ads! hate it,negative,negative,0.9955644607543945,0.9955644607543945,0.003142841625958681,0.0012927029747515917
good but i don't like this app becouse of that annoying ads please remove this <url>,negative,neutral,0.5392912030220032,0.0015305998967960477,0.5392912030220032,0.45917820930480957
improve android app please,neutral,neutral,0.5080470442771912,0.0018771084723994136,0.5080470442771912,0.49007582664489746
not happy over my profile picture,neutral,negative,0.9950448274612427,0.9950448274612427,0.0035992141347378492,0.001355919986963272
foxit reader is more convenient,positive,neutral,0.8456767201423645,0.0014430120354518294,0.8456767201423645,0.15288026630878448
"cute, simple and motivating!",positive,positive,0.9790458679199219,0.0012878896668553352,0.019666235893964767,0.9790458679199219
good but could be better,positive,neutral,0.9684273600578308,0.0018442102009430528,0.9684273600578308,0.029728353023529053
"one of the essential apps, but imperfectly realized in android",positive,neutral,0.9807799458503723,0.0029107711743563414,0.9807799458503723,0.01630920171737671
like it but too much ads,positive,neutral,0.695862352848053,0.009182027541100979,0.695862352848053,0.29495564103126526
still very lame. can't open pdfs that are image scans. cmon adobe. really?,negative,negative,0.99411940574646,0.99411940574646,0.004776468500494957,0.0011041824473068118
"after unable to launch get fixed in the update last night, all my past <number> days history is gone <url> all my lemon <url> this how the developer improve performance? very <url>",negative,negative,0.9943870306015015,0.9943870306015015,0.004300674423575401,0.001312321168370545
you better call it off. useless.,negative,negative,0.9953239560127258,0.9953239560127258,0.0036083427257835865,0.0010677579557523131
as good as the web version,positive,neutral,0.7023794651031494,0.004368436988443136,0.7023794651031494,0.29325205087661743
just updated bbm and all of my chat history disappeared! need a way to restore it. pls fix it.,neutral,negative,0.9812791347503662,0.9812791347503662,0.017089305445551872,0.0016315674874931574
<salutation> can't even open password protected files. waste of time and memory,negative,negative,0.9961037635803223,0.9961037635803223,0.002812107792124152,0.0010841230396181345
i dont understand this ap,neutral,negative,0.993757963180542,0.993757963180542,0.004427932668477297,0.0018140434985980392
its a very good app,positive,positive,0.9604617953300476,0.00113576406147331,0.0384024903178215,0.9604617953300476
good website for hotels. plenty of options and many with free cancellation.,positive,neutral,0.9891113638877869,0.0016501765931025147,0.9891113638877869,0.009238498285412788
bad very very bad. in all website you have ads <url> is <url> <url> bad things <url> <url>,negative,negative,0.9956911206245422,0.9956911206245422,0.0031527644023299217,0.001156103564426303
claims app <number> sd but <url> no option to move from phone to sd card. it's a <number> +mb app. htc di <number> . <number>,neutral,negative,0.9958057403564453,0.9958057403564453,0.0031674555502831936,0.0010268483310937881
"unnecessary app, please kill it.",negative,negative,0.995860755443573,0.995860755443573,0.0030698662158101797,0.0010694341035559773
my favorite way to communicate,positive,positive,0.9782950282096863,0.0038491052109748125,0.01785590499639511,0.9782950282096863
quickly opens up the pdf <url> and very user friendly,positive,positive,0.9937979578971863,0.0006452704546973109,0.00555676594376564,0.9937979578971863
force closed after update,neutral,negative,0.9949317574501038,0.9949317574501038,0.0034269161988049746,0.0016413829289376736
this app is nice for safe <url>,neutral,positive,0.9753121137619019,0.0007421239861287177,0.023945733904838562,0.9753121137619019
brings so much important info to my phone in an easy to use format.,positive,positive,0.9933100938796997,0.0006182359647937119,0.006071704439818859,0.9933100938796997
very nice and helpful app,positive,positive,0.9842601418495178,0.0017975755035877228,0.013942328281700611,0.9842601418495178
don't send fake news,neutral,negative,0.9811274409294128,0.9811274409294128,0.015286114066839218,0.00358644500374794
it asks for login every time i start it and that is very annoying. on my ipad it does not behave that way.,neutral,negative,0.9765276908874512,0.9765276908874512,0.022006051614880562,0.001466315588913858
update <url> bisa copy comment di picture group <url> info bagaimana cara copy coment nya?,negative,negative,0.9722427725791931,0.9722427725791931,0.025109004229307175,0.00264820852316916
"good so far on phone, afraid to install on laptop, had a older version that wouldn't go away and had constant ads and pop-ups",positive,neutral,0.9794824719429016,0.0034651709720492363,0.9794824719429016,0.017052339389920235
this app is far too big.,negative,negative,0.9955066442489624,0.9955066442489624,0.0031346939504146576,0.0013586473651230335
this is a good app,positive,positive,0.7875705361366272,0.0031141857616603374,0.20931532979011536,0.7875705361366272
"i'm heard about security concerns related to this browser, can u explain it?",neutral,neutral,0.9864723682403564,0.0024172079283744097,0.9864723682403564,0.011110437102615833
worst app in world,negative,negative,0.9957772493362427,0.9957772493362427,0.0030801407992839813,0.0011425382690504193
i wish i could make funnies with my friends in them. not just in snapchat. otherwise a very fun app.,positive,positive,0.9928955435752869,0.0005295414594002068,0.0065749697387218475,0.9928955435752869
its alright but got a long way to go to better repligo. need to be able to skip to chapters and double tap zoom should fit paragraph to screen width,neutral,neutral,0.9816138744354248,0.00106231274548918,0.9816138744354248,0.017323877662420273
just missing an iphone feature.,positive,neutral,0.979653000831604,0.014232159592211246,0.979653000831604,0.006114743184298277
not as good as on the blackberry phones doesn't show a red star to let you know you have an unread message unless you open the app,neutral,neutral,0.9902147054672241,0.005217052064836025,0.9902147054672241,0.004568247124552727
excellent with some improvements,positive,positive,0.986189067363739,0.0005532206268981099,0.013257721439003944,0.986189067363739
add fonts and stuff,positive,neutral,0.8610115051269531,0.005630314815789461,0.8610115051269531,0.1333581507205963
please add some more features,positive,positive,0.9788460731506348,0.0003469191724434495,0.020806999877095222,0.9788460731506348
wish you could choose a friends to be part of the emoji,neutral,positive,0.9849472045898438,0.0007348338258452713,0.014317959547042847,0.9849472045898438
this app is useless. if i hit the home button the app plays in the background of my phone without the tree dying. that literally defeats the entire purpose of the app,negative,negative,0.9954625964164734,0.9954625964164734,0.003262847661972046,0.001274534617550671
now i accepted it,positive,neutral,0.5446481108665466,0.4099065065383911,0.5446481108665466,0.045445360243320465
support for password protected documents.,neutral,positive,0.990773618221283,0.0006252441089600325,0.008601109497249126,0.990773618221283
discord came out and improved on slack in every way. there is no reason to use this trash anymore.,negative,negative,0.9957640171051025,0.9957640171051025,0.0030776704661548138,0.0011582806473597884
not anymore waste of time,negative,negative,0.9960338473320007,0.9960338473320007,0.0029677501879632473,0.0009984157513827085
not able to sign in,negative,negative,0.978648841381073,0.978648841381073,0.01651337742805481,0.004837788175791502
edit: i found the lemons and how to kill trees,positive,neutral,0.9216192364692688,0.016319725662469864,0.9216192364692688,0.06206101179122925
always eror <url> this app,negative,positive,0.9807579517364502,0.001684128656052053,0.01755787990987301,0.9807579517364502
has too much space for ads. premium for login. there are more user friendly ways to monetize your app. the concept is ok but poorly executed,negative,neutral,0.9861224293708801,0.009594561532139778,0.9861224293708801,0.004282938316464424
"since using a new update, my htc one x, always not <url>",negative,negative,0.9917566776275635,0.9917566776275635,0.0061386628076434135,0.002104620449244976
wpupd give more stars if we could use this app on fb messenger,neutral,negative,0.9871047735214233,0.9871047735214233,0.010644867084920406,0.002250411780551076
"not more reliable as the desktop app, but it is enough to get by",neutral,neutral,0.9845967888832092,0.0012519222218543291,0.9845967888832092,0.014151365496218204
does not open all pdf files that you can open with adobe on the pc. uninstalled.,negative,negative,0.9960252046585083,0.9960252046585083,0.002949612447991967,0.0010251859202980995
"really bad. zoom removes text, outer viewmode locks scrolling etc etc",negative,negative,0.9957267045974731,0.9957267045974731,0.0032997606322169304,0.0009735351777635515
i think the app is ment for book worms and book worms like me love it,neutral,neutral,0.8052988648414612,0.1318269819021225,0.8052988648414612,0.06287415325641632
chat app or ads app,negative,neutral,0.9883082509040833,0.0051238141022622585,0.9883082509040833,0.006568033713847399
"good accuracy, clean look and good features.",positive,positive,0.992990255355835,0.0006060682353563607,0.006403722800314426,0.992990255355835
tree doesn't whether if i leave the app n play game this app sucks,negative,negative,0.9958834052085876,0.9958834052085876,0.002887692069634795,0.001228876644745469
even worse than photoshop,negative,negative,0.9927682876586914,0.9927682876586914,0.005367531906813383,0.0018642001086845994
begging for bookmark and copy paste option <url>,neutral,neutral,0.754448652267456,0.2369442731142044,0.754448652267456,0.008607105351984501
forgets where i was when killed by the system,neutral,negative,0.9820531606674194,0.9820531606674194,0.015476925298571587,0.002469956409186125
very good. am no lonnger using infinix <number> am using mi note and it is very difficut for me to update my mi note phone.,neutral,positive,0.9768723249435425,0.0005690638208761811,0.022558607161045074,0.9768723249435425
not easy to use,neutral,neutral,0.9596717953681946,0.018398495391011238,0.9596717953681946,0.02192969247698784
good app but huge filespace,neutral,positive,0.8665969967842102,0.007724745199084282,0.12567824125289917,0.8665969967842102
no substitute for this great secure app for mobile communication in real time,positive,neutral,0.9795588254928589,0.013982588425278664,0.9795588254928589,0.00645854976028204
not for bald people,negative,negative,0.9455977082252502,0.9455977082252502,0.04946141690015793,0.004940947983413935
really useful app. totally enjoyed using it. i had downloaded this without many expectations but the simplicity and perfection that this app delivered totally blew me away. hats off to the developers !! keep up the great work !!,positive,neutral,0.8373397588729858,0.10096032172441483,0.8373397588729858,0.06169988587498665
"it's a good app overall, but the hourly forecast is totally unreliable. if the amatuers at weather underground can get it right <number> % of the time, why is weatherbug wrong <number> % of the time? c'mon folks, it's obviously do-able, so please try putting in the effort to get it right in the future (or at least check out the weather underground site and copy their work).",neutral,neutral,0.9900249242782593,0.0017627410124987364,0.9900249242782593,0.00821225717663765
so so. like other apps in the play store. nothing special.,neutral,neutral,0.9893119931221008,0.0018205648520961404,0.9893119931221008,0.008867382071912289
the standard tool for exchanging documents online,positive,positive,0.9937000274658203,0.0008592313388362527,0.005440676584839821,0.9937000274658203
please fix some bug n i will give u <number> star,neutral,neutral,0.7427678108215332,0.011764757335186005,0.7427678108215332,0.2454673945903778
great app over all,positive,positive,0.9844447374343872,0.0026463151443749666,0.012908916920423508,0.9844447374343872
the app is interactive and has all the required functions.,positive,positive,0.9898440837860107,0.0005099734989926219,0.009645956568419933,0.9898440837860107
it's ok but the follow me is crap,neutral,neutral,0.98740154504776,0.001954762963578105,0.98740154504776,0.010643702000379562
update every <number> minutes,neutral,neutral,0.8687731027603149,0.11544082313776016,0.8687731027603149,0.01578611508011818
"i have installed and uninstalled repeated this several times, all it wants to do is update continuously. i can't use it at all.",negative,negative,0.9960152506828308,0.9960152506828308,0.0029439525678753853,0.0010408553062006831
used battery most show identity,negative,neutral,0.6357479691505432,0.06086847558617592,0.6357479691505432,0.3033835291862488
should have more filtering options. should stop nagging for a review when you've already posted one.,neutral,neutral,0.9862266182899475,0.001726737478747964,0.9862266182899475,0.012046673335134983
"after reservation want to add rooms but app just crash, keep loading",negative,negative,0.9953556060791016,0.9953556060791016,0.0034601881634444,0.0011841666419059038
lost in the translation,negative,negative,0.9173927307128906,0.9173927307128906,0.07053778320550919,0.01206953078508377
new version is much slower than the last. loading messages and channels feels sluggish and tedious.,negative,neutral,0.947196900844574,0.047892700880765915,0.947196900844574,0.004910346120595932
where did the precipitation amounts go?,negative,neutral,0.9878736138343811,0.0031199967488646507,0.9878736138343811,0.009006278589367867
"it's nice, but it would be great there'd be some piercings",positive,positive,0.9933062195777893,0.0008860864327289164,0.005807750392705202,0.9933062195777893
it's a good app,positive,positive,0.9236811399459839,0.000902192376088351,0.07541670650243759,0.9236811399459839
good but could be better,positive,neutral,0.9684273600578308,0.0018442122964188457,0.9684273600578308,0.029728377237915993
last update hosed app,negative,negative,0.970331072807312,0.970331072807312,0.02207544818520546,0.0075935726054012775
"it keeps crashing. i like yet very annoying to keep <url> , weather stopped working.",neutral,negative,0.9928057789802551,0.9928057789802551,0.006152166053652763,0.001042115269228816
the app would be better if you let us use calculator and <url> bcoz sometimes while studying you have to google something <url> just a suggestion.,neutral,positive,0.9515393376350403,0.00044562731636688113,0.048015009611845016,0.9515393376350403
"i love the amount of data and the warnings. however in the last <number> months the application has failed to work often at least once a day. if this issue could be solved, i would give the app <number> stars.",neutral,neutral,0.9582782983779907,0.0034396175760775805,0.9582782983779907,0.038282085210084915
you just need to add box braids as a hairstyle,positive,positive,0.9902704954147339,0.000764284108299762,0.008965193293988705,0.9902704954147339
its nice to receive anything,positive,positive,0.9712565541267395,0.0005679156165570021,0.02817550115287304,0.9712565541267395
this app is awful,negative,negative,0.9958315491676331,0.9958315491676331,0.0030405966099351645,0.001127899857237935
"bummer! now i am a former usser!!!! no-ads weatherbug, where are you? hello?",negative,negative,0.7922090291976929,0.7922090291976929,0.20156022906303406,0.006230677478015423
good for an <url>,neutral,neutral,0.9757333397865295,0.008262477815151215,0.9757333397865295,0.016004275530576706
this is very bad,neutral,negative,0.9959761500358582,0.9959761500358582,0.0029676971025764942,0.0010561789385974407
doesnt work on the gs <number>,negative,negative,0.9871953725814819,0.9871953725814819,0.010688469745218754,0.0021162230987101793
too much ads not good for kids,neutral,neutral,0.7665185928344727,0.2158653289079666,0.7665185928344727,0.017615998163819313
not working properly in android above <number> . <number>,positive,negative,0.9895812273025513,0.9895812273025513,0.007900821976363659,0.002517940243706107
slow sometimes especially during video and audio calls. the app just hangs and stops working.,positive,neutral,0.647495687007904,0.34461426734924316,0.647495687007904,0.007890078239142895
if i could alter the apps appearance to allow for inverted colour schemes i would give it <number> stars other than that this is a brilliant app.,positive,positive,0.9935842156410217,0.0009345700964331627,0.00548119843006134,0.9935842156410217
one of the <signature>,neutral,positive,0.9922713041305542,0.000884966051671654,0.006843719631433487,0.9922713041305542
"it's not working for me, i'm using samsung tab <number> mini, it's asking for confirmation of date of birth",negative,neutral,0.55539470911026,0.43280866742134094,0.55539470911026,0.01179667841643095
"i can use other app meanwhile timer is running , so no use waste app",negative,negative,0.9945270419120789,0.9945270419120789,0.004218644928187132,0.0012543287593871355
app is up to date and easy to read.,positive,positive,0.9900729656219482,0.0006660884246230125,0.009260970167815685,0.9900729656219482
"do not waste your time. if u think u can save the earth but no, you have to buy premium first to plant trees. absolute a waste timer",negative,negative,0.9957738518714905,0.9957738518714905,0.0030786353163421154,0.0011475066421553493
sluggish compared to other pdf readers but renders well.,neutral,neutral,0.9890462756156921,0.001431137672625482,0.9890462756156921,0.009522569365799427
"i don't need this, but i'm sure someone will need it.",positive,neutral,0.9649999141693115,0.0011223434703424573,0.9649999141693115,0.033877793699502945
"really fast, good and probably the <signature>",positive,positive,0.9895437955856323,0.001555328257381916,0.008900931105017662,0.9895437955856323
"my team, tired of waiting for a department driven initiative for collaboration tools, decided to start using this for ourselves. it's been a great experience so far - quicker responses, easy file sharing, organising social outings and reaching out to the whole team at once etc. the <signature>",positive,neutral,0.9760000109672546,0.005653798580169678,0.9760000109672546,0.018346108496189117
bad uploaded pic display,negative,negative,0.9950548410415649,0.9950548410415649,0.0033692573197185993,0.0015758954687044024
i like this app is very useful,neutral,positive,0.9882949590682983,0.0012386818416416645,0.010466345585882664,0.9882949590682983
"i was not able to open the app even after reinstalling it twice so instead i installed ""flip flop"" app which is also a similar app",negative,negative,0.9918898940086365,0.9918898940086365,0.006711071822792292,0.0013990114675834775
what's with all the new permissions?,negative,negative,0.9768306016921997,0.9768306016921997,0.02143132872879505,0.0017381026409566402
the new automatic markdown feature sucks!!! and you cannot turn it off,negative,negative,0.9907310605049133,0.9907310605049133,0.008179886266589165,0.0010889983968809247
now it use very long time for export photo.,negative,positive,0.9916424751281738,0.0010145894484594464,0.00734291784465313,0.9916424751281738
can't import pictures,negative,negative,0.9222241640090942,0.9222241640090942,0.07042218744754791,0.007353655993938446
i love it but for some reason it doesn't work well on my samsung. if it worked better with my phone a higher rating,neutral,neutral,0.9337704181671143,0.024606265127658844,0.9337704181671143,0.041623275727033615
did more things to say and more holiday,neutral,positive,0.9396467208862305,0.0015318039804697037,0.05882144719362259,0.9396467208862305
can not open edited images on my galaxy note <number>,negative,negative,0.9656552076339722,0.9656552076339722,0.03057379275560379,0.0037710005417466164
the confirmation details is not shown on <number> rd party screen. not useful if i have to inform <number> rd party of the confirmation details.,neutral,neutral,0.991354763507843,0.003473539836704731,0.991354763507843,0.005171747412532568
never sends the correct emoji.,negative,negative,0.9937885403633118,0.9937885403633118,0.00492881890386343,0.001282708253711462
please add save image setting,positive,neutral,0.991186797618866,0.003212377429008484,0.991186797618866,0.005600840784609318
i cant run the app after new update!!!,neutral,negative,0.9958297610282898,0.9958297610282898,0.00304091302677989,0.001129364361986518
ads thats the only thing spoiling this <url> bcz ads are source of income <url> lose this app the source ur getting ads,negative,negative,0.995678722858429,0.995678722858429,0.003243556246161461,0.0010777331190183759
i have had this app for a while and it works really well,negative,positive,0.9932857155799866,0.0006665819091722369,0.0060476744547486305,0.9932857155799866
mostly good except- sucks too much background data and not freindly to my battery . should shut itself down.,neutral,neutral,0.9865642786026001,0.002704947255551815,0.9865642786026001,0.010730747133493423
"fairly accurate, wish the radar would update a little quicker",positive,positive,0.992387056350708,0.0004393415292724967,0.007173606194555759,0.992387056350708
what's up with it?,negative,neutral,0.9906209707260132,0.004373743198812008,0.9906209707260132,0.005005280487239361
up browser is <signature>,positive,neutral,0.6331445574760437,0.06710387021303177,0.6331445574760437,0.2997516095638275
nice app but i can't highlight my text i pressed that longer but it couldn't work please check this out,positive,positive,0.968959391117096,0.0012273588217794895,0.029813269153237343,0.968959391117096
love it but the radar needs future time,positive,neutral,0.9825562238693237,0.006091798190027475,0.9825562238693237,0.011352001689374447
itss ok but not good at <url>,neutral,neutral,0.9897365570068359,0.002015902893617749,0.9897365570068359,0.008247513324022293
animation does not work. really disappointed. use everyday for work. moving on to the weather channel app. never fails.,negative,negative,0.995876669883728,0.995876669883728,0.0031422055326402187,0.0009811141062527895
"maybe if the app followed material design guidelines, i would have rated it <number> stars. the controls are based on ios, so it's not easy to find your way, but overall it's a good photo app.",positive,neutral,0.9759294986724854,0.0012430456699803472,0.9759294986724854,0.022827355191111565
new layout v <number>,positive,positive,0.7268812656402588,0.012889617122709751,0.2602291405200958,0.7268812656402588
it does not install,positive,negative,0.9944936633110046,0.9944936633110046,0.003842337755486369,0.001663974137045443
"its amazing app, but unfortunately after the new updation the app forced to close when importing a new photo. so please fix that bug immediately",positive,positive,0.6769885420799255,0.0007152963662520051,0.3222962021827698,0.6769885420799255
try hotel tonight - $ <number> free,neutral,neutral,0.8983511328697205,0.038258373737335205,0.8983511328697205,0.06339053064584732
"it's like <number> stars for the app, <number> star for new booking assistant. god damn it, how the hell can i just answer the message i got from a property???!!! why do i need to see <number> questions of an assistant instead, that i can not delete and that just mess up all the dialog! hate it. really hate this feature! do like everything else though.",positive,negative,0.994365930557251,0.994365930557251,0.004357075784355402,0.001276973052881658
been a good weather app for me! thumbs up!,positive,neutral,0.9792367219924927,0.0012478227727115154,0.9792367219924927,0.019515492022037506
i guess it's <url>,positive,positive,0.5302608013153076,0.0029867845587432384,0.46675243973731995,0.5302608013153076
loved it before update,neutral,negative,0.6284247040748596,0.6284247040748596,0.3388979136943817,0.03267741575837135
it is good news app but some improvement required in spelling and language.,positive,positive,0.9895246624946594,0.0003712871402967721,0.010104071348905563,0.9895246624946594
"as a frequent user , you should have few options as reward the client should choose between",positive,positive,0.9036758542060852,0.0007415700820274651,0.09558255970478058,0.9036758542060852
no bookmark or jump to <url> really annoying,negative,negative,0.8111061453819275,0.8111061453819275,0.18063636124134064,0.008257555775344372
app is <url> service sucks,neutral,negative,0.9956586360931396,0.9956586360931396,0.0032197555992752314,0.0011216193670406938
i can't use web mobile in <url>,negative,neutral,0.7691914439201355,0.21733243763446808,0.7691914439201355,0.013476059772074223
the new button is super poopy.,negative,neutral,0.9896121621131897,0.005089376587420702,0.9896121621131897,0.005298446863889694
"i love it, but desperately needs to save last <url> and place within that <url> a bookmarking function!",neutral,positive,0.9341918230056763,0.0037845196202397346,0.062023695558309555,0.9341918230056763
"simple to use,in a straight forward easy to understand format. <signature>",positive,positive,0.9934837222099304,0.0010691304923966527,0.005447198636829853,0.9934837222099304
i saw no last minute rates as promised on the description.,negative,neutral,0.9914708733558655,0.002616527024656534,0.9914708733558655,0.005912539549171925
if you browse like i do this is a must have. i rated it <number> stars before but now it is becoming a mess. you are killing its reputation with ads. i must wait for few seconds advert to finish before browsing.,neutral,negative,0.9908639788627625,0.9908639788627625,0.007846096530556679,0.0012899235589429736
the drawer is old,negative,neutral,0.7695014476776123,0.11262129992246628,0.7695014476776123,0.11787715554237366
what a great messanger. you make us who separated a kilometers away can gather in one place. keep <url>,positive,neutral,0.6312586069107056,0.06730815023183823,0.6312586069107056,0.301433265209198
add text option please,neutral,positive,0.9725870490074158,0.00042231864063069224,0.026990670710802078,0.9725870490074158
new logo looks like swastika maybe next time dev team will worked on app ram usage?,negative,negative,0.8546245098114014,0.8546245098114014,0.1418314129114151,0.0035440281499177217
don't use. can't uninstall on tablet,neutral,negative,0.9924077987670898,0.9924077987670898,0.005768490955233574,0.001823659986257553
fast but doesn't allow you to jump to pages no good for big ebooks,neutral,negative,0.993218719959259,0.993218719959259,0.005447784438729286,0.0013335190014913678
how can i make a video call??,positive,neutral,0.9865016341209412,0.004532770719379187,0.9865016341209412,0.008965562097728252
easy to use and useful,positive,positive,0.961493968963623,0.0038542370311915874,0.03465183824300766,0.961493968963623
"i saw this app on engadget and was excited to try it. however, the hdr mode does not work on my phone. i have a samsung galaxy s <number> edge. it is listed as one of the phones that works but the option for hdr is not available on the drop-down menu.",neutral,neutral,0.9919290542602539,0.00205100211314857,0.9919290542602539,0.006019997876137495
i was able to update and view my bookings very easily. very convenient.,positive,positive,0.9937073588371277,0.0006171772256493568,0.005675510037690401,0.9937073588371277
"it lost all my progress! i had the cat tree, octopus, etc",negative,negative,0.9943776726722717,0.9943776726722717,0.004282278940081596,0.0013401354663074017
best crashes ever!!!! worthless,negative,negative,0.9956809282302856,0.9956809282302856,0.003141442546620965,0.0011776102473959327
radar map never loads first try.,neutral,negative,0.9959585070610046,0.9959585070610046,0.002896384336054325,0.0011450896272435784
"simple to the massage, i like bbm,cause i can see when the massage have delivered n read .",positive,positive,0.9938056468963623,0.0007875369628891349,0.005406850483268499,0.9938056468963623
its <url> make something <url>,neutral,positive,0.9740427136421204,0.0016064847586676478,0.024350790306925774,0.9740427136421204
this is my favorite weather app to use. i've used it since i was a teenager. the only problem i have is that the hourly forecast is almost never right which is very inconvenient for me considering i work outside. on the bright side you can look at the radar and pretty much tell what what is gonna hit you.,neutral,neutral,0.9785047769546509,0.001429424504749477,0.9785047769546509,0.02006581425666809
cant connect to facebook,neutral,negative,0.9140756130218506,0.9140756130218506,0.08047342300415039,0.005450930446386337
"i like it and think it's super cute and fun, but i wish it had more such as maybe tattoos or piercings and i wish you could create outfits instead of picking an outfit",positive,positive,0.9930076599121094,0.0012732053874060512,0.00571918860077858,0.9930076599121094
good for quick edits on the move,positive,positive,0.9908526539802551,0.0012750085443258286,0.007872378453612328,0.9908526539802551
why the almost daily updates?,neutral,neutral,0.9899309873580933,0.0025074193254113197,0.9899309873580933,0.0075615146197378635
terrible. i don't need creative cloud!,negative,negative,0.9958274960517883,0.9958274960517883,0.0030468993354588747,0.001125676673837006
sign up form doesn't work and this app doesnt work without an adobe account so it was just a waste of time.,negative,negative,0.9960991144180298,0.9960991144180298,0.0028411338571459055,0.0010597531218081713
love it but a problem?,positive,neutral,0.9835464954376221,0.005969639401882887,0.9835464954376221,0.010483826510608196
does what supposed to an as far as forcast go seems good,positive,positive,0.877957820892334,0.0005712497513741255,0.12147092074155807,0.877957820892334
i can't import alot of my photos!,neutral,negative,0.8437739014625549,0.8437739014625549,0.1528322547674179,0.0033937592525035143
horrible pdf reader. there are much better alternatives.,negative,negative,0.995762825012207,0.995762825012207,0.0031522938515990973,0.0010848253732547164
"it's great that it can read my truck's <number> , <number> page service manual right here on my phone; but i can't find anything if there is no search feature!!",neutral,neutral,0.5404688715934753,0.006946034263819456,0.5404688715934753,0.4525851011276245
it does logout of account after closing,positive,negative,0.8544993996620178,0.8544993996620178,0.1306823194026947,0.014818253926932812
"love it. would be great if you could include options to dodge and burn images, too.",positive,positive,0.9870160818099976,0.003050815546885133,0.009933077730238438,0.9870160818099976
i don't like that i can't attach to a text in gboard. i have to go through bitmoji to send in a text. it is easier to send in iphone and i can't do friendmojis,positive,neutral,0.9910480380058289,0.002009531483054161,0.9910480380058289,0.0069424863904714584
"does not work on the captivate at <url> very disapointed, it just says it has failed to read found files.",negative,negative,0.9959262609481812,0.9959262609481812,0.0030690510757267475,0.0010048066033050418
it's an useful app,positive,positive,0.9878990054130554,0.0006170850829221308,0.011483940295875072,0.9878990054130554
is the white house in charge of it?,negative,negative,0.9550243020057678,0.9550243020057678,0.038995515555143356,0.005980243440717459
weather automation doesn't work anymore so it's stupid,negative,negative,0.990095853805542,0.990095853805542,0.008111711591482162,0.0017923660343512893
some times its just boarding,neutral,neutral,0.9901005625724792,0.0016840995522215962,0.9901005625724792,0.008215309120714664
i deplore pdfs of all kinds. <url> the only thing that can read a pdf. but this app does <url> it still sux,negative,neutral,0.9802565574645996,0.008883082307875156,0.9802565574645996,0.010860372334718704
installs another app without warning,negative,negative,0.9958239793777466,0.9958239793777466,0.002951969625428319,0.0012240147916600108
it's your app so you get to choose your logo. but this new one confusing my son that slack is a game and he is complaining i keep playing this game all the time but have no shame in denying his rights to play games eternally. ps: unable to view old items unless we pay is gross.,neutral,negative,0.9915061593055725,0.9915061593055725,0.007223790045827627,0.0012700496008619666
"other parties doin better ""reader n even writer"" than adobe!",negative,neutral,0.9903620481491089,0.004313457291573286,0.9903620481491089,0.0053245448507368565
takes too much time to load sometimes,positive,neutral,0.5215277671813965,0.4485066831111908,0.5215277671813965,0.029965544119477272
it is an interesting app that uses a lot of memory. but great communication tool,neutral,positive,0.9931434392929077,0.0008400703663937747,0.006016467697918415,0.9931434392929077
it's amazing and faster then other <url>,neutral,positive,0.989382803440094,0.0009351837798021734,0.009681985713541508,0.989382803440094
best weather app out there until it stopped working. won't load anything now. please <url>,negative,negative,0.9455626010894775,0.9455626010894775,0.04793599992990494,0.006501391064375639
will be much better if it has read out <url>,positive,positive,0.9851891994476318,0.00038394119474105537,0.01442692056298256,0.9851891994476318
good overall but seems to have an issue of being unavailable or offline when other weather apps are working just fine providing the same info. <url> radar,positive,positive,0.9926026463508606,0.0004667243920266628,0.006930649280548096,0.9926026463508606
does the camera support long exposure?,positive,neutral,0.9883518815040588,0.00294112553820014,0.9883518815040588,0.008706994354724884
i enjoy using it. i just have to play with it more to get more experience,positive,positive,0.9902481436729431,0.0007630368345417082,0.008988765068352222,0.9902481436729431
it helps me a lot,positive,positive,0.9811908602714539,0.001176426070742309,0.01763271540403366,0.9811908602714539
not bad at all. great improvement.,positive,positive,0.9768850803375244,0.000569283205550164,0.022545626387000084,0.9768850803375244
plenty of unnessary ads,negative,neutral,0.9838055372238159,0.00476199621334672,0.9838055372238159,0.011432413943111897
the news feed so annoying please avoid this type of <url> or add a button for stop news <url>,negative,neutral,0.6455870866775513,0.34824180603027344,0.6455870866775513,0.006171142216771841
can be a bit complicated and in your face but it does a good job and is well supported by venues.,positive,positive,0.9891064763069153,0.0003871431399602443,0.010506429709494114,0.9891064763069153
i liked it. no reply on mobile though.,positive,neutral,0.6485280394554138,0.07589461654424667,0.6485280394554138,0.27557727694511414
"works perfectly with snapchat, i hope soon it has more goth/alternative outfits and options for piercings and ear spacers. love the new hair options!",positive,positive,0.993043839931488,0.0013123187236487865,0.005643803626298904,0.993043839931488
"it used to be a <number> star app but not every time i try to open it it crashes, please fix this asap",negative,negative,0.9771894812583923,0.9771894812583923,0.02010303921997547,0.002707475796341896
where's the support?,negative,neutral,0.9754632115364075,0.00570139242336154,0.9754632115364075,0.018835360184311867
i think nice but mobile hang krta h,neutral,positive,0.9895408749580383,0.0006892977980896831,0.00976990070194006,0.9895408749580383
please add fonts in this app to write . <signature>,neutral,positive,0.9924269914627075,0.0006453845999203622,0.006927658338099718,0.9924269914627075
"worked once, then has never worked again.",negative,negative,0.9953552484512329,0.9953552484512329,0.003581954399123788,0.001062849652953446
fix the radar! what is taking so long? i'm very close to deleting this app for good. i doubt i'm alone!,negative,negative,0.7006487250328064,0.7006487250328064,0.2940061688423157,0.0053451028652489185
it is good aap for searching and downloading <url>,positive,positive,0.9760375022888184,0.0004553650214802474,0.023507095873355865,0.9760375022888184
while controlling shutter speed whole app is getting freezed.,neutral,negative,0.994418740272522,0.994418740272522,0.004159111995249987,0.00142222351860255
"no full language support. what a shame, adobe.",negative,negative,0.9942477941513062,0.9942477941513062,0.004720537457615137,0.0010316139087080956
it's nice <url>,neutral,positive,0.9028580188751221,0.0006574945873580873,0.09648450464010239,0.9028580188751221
"this app is not at all what i had expected. it is very hard to use. at the beggining, you get small info about one fature of the app. once you start to use it, the purpose just gets confusing, how does the tree grow? is the time a stopclock, a timer, im so confused! please improve this app to be more user friendly!",negative,neutral,0.9872008562088013,0.00882790982723236,0.9872008562088013,0.003971229773014784
lost status bar info,neutral,negative,0.9809524416923523,0.9809524416923523,0.016361480578780174,0.0026860747020691633
it was fine before i was forced to update.,neutral,neutral,0.9912242889404297,0.0033354393672198057,0.9912242889404297,0.005440387409180403
